star_type,heat,predicted_heat,error,abs_error,pct_error
G2,49.3,58.29699480425333,8.996994804253333,8.996994804253333,18.249482361568628
G2,40.9,51.11981183820567,10.219811838205672,10.219811838205672,24.98731500783783
G2,37.3,47.82984343058106,10.52984343058106,10.52984343058106,28.230143245525635
K7,95.8,93.32424915037464,-2.4757508496253564,2.4757508496253564,2.584291074765508
K7,69.6,61.08571094874675,-8.514289051253243,8.514289051253243,12.233173924214432
K7,43.1,37.62639472329663,-5.473605276703374,5.473605276703374,12.699780224369778
M2,90.1,87.02947235817138,-3.070527641828619,3.070527641828619,3.407910812240421
M2,76.5,72.04673318114831,-4.453266818851688,4.453266818851688,5.821263815492403
M2,16.5,16.961522793280047,0.4615227932800465,0.4615227932800465,2.797107838060888
M2,8.6,8.37457651639385,-0.2254234836061499,0.2254234836061499,2.621203297745929
M2,1.9,1.3500828831020475,-0.5499171168979524,0.5499171168979524,28.943006152523814
M7,39.7,39.34875351322637,-0.3512464867736327,0.3512464867736327,0.884751855852979
K9,2.8,1.9360059755525485,-0.8639940244474513,0.8639940244474513,30.856929444551835
K5,47.7,39.98853802339089,-7.711461976609115,7.711461976609115,16.16658695305894
M2,2.7,2.302463948993283,-0.3975360510067172,0.3975360510067172,14.723557444693228
M2,0.4,0.2370210784355565,-0.1629789215644435,0.1629789215644435,40.74473039111087
K9,97.0,95.83693066865428,-1.1630693313457243,1.1630693313457243,1.1990405477790973
K9,50.6,43.684958349940665,-6.915041650059337,6.915041650059337,13.66609021750857
K9,13.4,11.176563135489989,-2.2234368645100115,2.2234368645100115,16.592812421716506
K9,1.6,0.8214869899987857,-0.7785130100012144,0.7785130100012144,48.6570631250759
G8,40.2,50.41519501607187,10.215195016071869,10.215195016071869,25.41093287580067
G8,27.1,37.533487634112745,10.433487634112744,10.433487634112744,38.49995436941972
G8,20.5,29.825867776343664,9.325867776343664,9.325867776343664,45.49203793338373
G8,13.2,19.96274582277908,6.762745822779081,6.762745822779081,51.232922899841526
G8,7.6,11.307729307244246,3.707729307244247,3.707729307244247,48.7859119374243
F4,91.3,87.47743333013838,-3.822566669861615,3.822566669861615,4.1868200108013305
F4,77.4,71.03532380285702,-6.364676197142984,6.364676197142984,8.223095861941838
F4,71.7,65.13333725915444,-6.566662740845558,6.566662740845558,9.158525440509843
F4,49.8,44.82552089765438,-4.974479102345619,4.974479102345619,9.988913860131765
F4,24.9,22.05895845516162,-2.8410415448383795,2.8410415448383795,11.409805400957348
M1,49.7,41.09833805736235,-8.601661942637655,8.601661942637655,17.307166886594878
M0,58.8,53.72026571509324,-5.079734284906756,5.079734284906756,8.639003885895844
M0,28.0,26.64930741149592,-1.3506925885040817,1.3506925885040817,4.823902101800292
M0,11.8,10.928052678492104,-0.8719473215078963,0.8719473215078963,7.389384080575392
M0,0.7,0.3336378544008553,-0.3663621455991446,0.3663621455991446,52.33744937130638
K6,96.7,94.48319012600692,-2.216809873993085,2.216809873993085,2.2924610899618254
K6,48.9,53.8757300054568,4.975730005456803,4.975730005456803,10.175316984574241
M2,73.9,73.85887940998151,-0.0411205900184938,0.0411205900184938,0.05564355888835426
M6,86.7,75.52074592608037,-11.179254073919637,11.179254073919637,12.894180016054943
M6,14.2,8.997545423819584,-5.202454576180415,5.202454576180415,36.63700405760856
M6,0.3,0.0748247462971689,-0.2251752537028311,0.2251752537028311,75.0584179009437
A8,99.5,99.48551114548162,-0.0144888545183761,0.0144888545183761,0.014561662832538794
A8,95.4,94.07096304154796,-1.3290369584520505,1.3290369584520505,1.3931205015220656
A8,81.2,77.90579065764207,-3.294209342357931,3.294209342357931,4.056908057091048
A8,66.9,64.1537057537478,-2.746294246252205,2.746294246252205,4.105073611737227
A8,64.3,61.78842847776627,-2.51157152223373,2.51157152223373,3.9060210299124885
A8,46.8,46.26683341658461,-0.5331665834153867,0.5331665834153867,1.139244836357664
A8,43.9,43.69469272957895,-0.2053072704210521,0.2053072704210521,0.46767031986572233
A8,34.7,35.11594199490688,0.4159419949068805,0.4159419949068805,1.1986801005961971
A8,29.8,30.387868596645525,0.5878685966455244,0.5878685966455244,1.9727134115621623
A8,22.1,22.459130328694783,0.359130328694782,0.359130328694782,1.625024111741095
A7,88.7,84.92427603751511,-3.775723962484889,3.775723962484889,4.256735019712388
A7,81.2,76.37124079781648,-4.82875920218352,4.82875920218352,5.946747785940295
A7,74.1,69.02356774002877,-5.076432259971227,5.076432259971227,6.8507857759395785
A7,44.6,41.921422663756665,-2.678577336243336,2.678577336243336,6.005778780814654
A7,24.4,22.9071715299606,-1.4928284700394023,1.4928284700394023,6.1181494673746
A7,6.7,4.764406521371901,-1.9355934786280988,1.9355934786280988,28.889454904896994
F1,91.3,93.19513368877584,1.895133688775843,1.895133688775843,2.075721455395228
F1,82.9,86.97474936540418,4.074749365404173,4.074749365404173,4.915258583117217
F1,53.4,65.74206620179734,12.342066201797344,12.342066201797344,23.112483523965064
F1,14.0,23.209032899098496,9.209032899098496,9.209032899098496,65.7788064221321
F9,78.7,76.09309921108091,-2.6069007889190914,2.6069007889190914,3.3124533531373457
F9,72.8,70.51977565548273,-2.280224344517265,2.280224344517265,3.132176297413826
F9,56.5,55.85711934025161,-0.6428806597483927,0.6428806597483927,1.137841875660872
F9,35.3,36.69524081975904,1.3952408197590458,1.3952408197590458,3.9525235687225093
F9,14.1,14.092644742647895,-0.0073552573521045,0.0073552573521045,0.05216494575960638
F9,3.7,2.446930805916245,-1.2530691940837553,1.2530691940837553,33.86673497523663
F3,33.1,41.85403299091564,8.75403299091564,8.75403299091564,26.44722957980556
F3,65.7,70.31351993034961,4.613519930349611,4.613519930349611,7.022100350608235
F6,83.7,76.92817983126312,-6.77182016873688,6.77182016873688,8.09058562573104
F6,69.3,61.22909398271196,-8.070906017288038,8.070906017288038,11.64632902927567
F6,53.1,46.1392726010069,-6.9607273989931,6.9607273989931,13.108714499045387
F6,41.1,35.485860743478376,-5.614139256521625,5.614139256521625,13.659706220247262
F6,27.7,23.41382997276209,-4.286170027237908,4.286170027237908,15.473538004468985
F6,11.5,8.235537186450834,-3.264462813549166,3.264462813549166,28.38663316129709
A9,60.9,42.46956261678178,-18.43043738321822,18.43043738321822,30.263443979011857
A9,17.1,8.523219986775995,-8.576780013224006,8.576780013224006,50.15660826446787
A7,91.7,91.93017481954035,0.2301748195403519,0.2301748195403519,0.2510085273068178
A7,83.1,84.27757912952394,1.1775791295239486,1.1775791295239486,1.4170627310757504
A7,65.7,70.03822698545908,4.338226985459073,4.338226985459073,6.6030852137885425
A7,43.8,51.776790435174405,7.976790435174408,7.976790435174408,18.211850308617368
A7,23.6,31.03117919872811,7.43117919872811,7.43117919872811,31.48804745223775
K7,82.7,85.19538229201103,2.49538229201103,2.49538229201103,3.0173909214159975
F5,77.2,81.02263348984157,3.822633489841565,3.822633489841565,4.951597784768866
F5,32.4,43.78284706100682,11.38284706100682,11.38284706100682,35.13224401545315
M7,27.6,15.321893128155477,-12.278106871844525,12.278106871844525,44.4858944632048
A2,98.7,98.77362542709592,0.0736254270959193,0.0736254270959193,0.07459516423092127
A2,94.0,93.88992070080236,-0.1100792991976362,0.1100792991976362,0.11710563744429384
A2,89.4,89.46261316751055,0.0626131675105483,0.0626131675105483,0.0700371001236558
A2,78.8,80.1443506145256,1.3443506145256094,1.3443506145256094,1.70602869863656
A2,71.0,73.67135033615344,2.671350336153438,2.671350336153438,3.7624652621879404
A2,63.4,67.48405368794063,4.084053687940632,4.084053687940632,6.441725059843269
A2,51.8,57.90662184050085,6.10662184050085,6.10662184050085,11.788845251932143
A2,35.0,42.66073798422545,7.660737984225449,7.660737984225449,21.88782281207271
A7,86.0,85.27453313471597,-0.7254668652840337,0.7254668652840337,0.8435661224232951
A7,75.4,75.61197539097621,0.2119753909762067,0.2119753909762067,0.28113447079072507
A7,73.5,73.95808279773964,0.4580827977396353,0.4580827977396353,0.6232419016865786
A7,39.0,43.99215394187174,4.9921539418717416,4.9921539418717416,12.800394722748054
A7,27.9,32.82626239750004,4.92626239750004,4.92626239750004,17.656854471326312
B8,93.8,92.16879350543915,-1.6312064945608429,1.6312064945608429,1.7390261136043101
B8,84.4,81.71246738830423,-2.6875326116957723,2.6875326116957723,3.184280345611104
B8,73.3,70.7754642926623,-2.524535707337691,2.524535707337691,3.4441141982778865
B8,65.1,63.37660576837698,-1.7233942316230113,1.7233942316230113,2.647302967162844
B8,46.2,46.652670193647005,0.4526701936470019,0.4526701936470019,0.9798056139545495
F7,86.5,83.79529486730775,-2.704705132692254,2.704705132692254,3.1268267429968257
F7,71.5,68.80961850728059,-2.6903814927194105,2.6903814927194105,3.7627713184886864
F7,51.7,51.127407806125134,-0.5725921938748684,0.5725921938748684,1.107528421421409
F7,44.2,44.40700015456375,0.2070001545637438,0.2070001545637438,0.46832614154693164
F7,24.4,25.284585508808703,0.8845855088087049,0.8845855088087049,3.6253504459373156
F7,15.2,15.096319759901863,-0.1036802400981358,0.1036802400981358,0.6821068427508934
A9,78.6,78.51799067395332,-0.0820093260466734,0.0820093260466734,0.1043375649448771
A9,77.7,77.70039969497175,0.0003996949717475,0.0003996949717475,0.0005144079430469755
A9,42.9,47.70134726734816,4.801347267348163,4.801347267348163,11.19195167214024
M2,98.3,97.91364304945373,-0.386356950546272,0.386356950546272,0.393038606862942
M2,52.4,49.90797212557083,-2.4920278744291693,2.4920278744291693,4.7557783863152086
M2,24.4,24.71098522445181,0.3109852244518123,0.3109852244518123,1.274529608409067
M0,91.0,87.86976242985367,-3.1302375701463347,3.1302375701463347,3.4398215056553125
M0,43.2,42.89919355604487,-0.3008064439551319,0.3008064439551319,0.6963112128591016
M0,8.0,8.20248987909706,0.2024898790970599,0.2024898790970599,2.5311234887132485
G9,96.8,97.47749169558932,0.6774916955893246,0.6774916955893246,0.6998881152782279
G9,84.4,88.23760333082026,3.837603330820258,3.837603330820258,4.5469233777491205
M0,90.4,90.60851467162324,0.2085146716232344,0.2085146716232344,0.23065782259207346
M2,85.1,89.79343843310073,4.693438433100738,4.693438433100738,5.515203799178306
M2,45.6,63.049872823978646,17.449872823978644,17.449872823978644,38.26726496486545
M1,44.8,53.73266474722129,8.932664747221295,8.932664747221295,19.93898381076182
M1,18.6,26.477850083487763,7.877850083487761,7.877850083487761,42.35403270692345
M1,8.5,12.08504973767877,3.5850497376787693,3.5850497376787693,42.17705573739728
F6,90.9,93.58008798643604,2.6800879864360354,2.6800879864360354,2.948391624242063
K4,89.6,83.8579679283536,-5.742032071646392,5.742032071646392,6.408517937105349
K4,70.8,62.27776879253365,-8.522231207466348,8.522231207466348,12.037049728059813
K4,65.7,71.09813074091291,5.3981307409129045,5.3981307409129045,8.216332938984634
K4,52.0,45.19782335534905,-6.802176644650949,6.802176644650949,13.081108932021055
K9,95.3,92.9768995608374,-2.3231004391626016,2.3231004391626016,2.43767097498699
K9,82.3,75.53861720244787,-6.76138279755213,6.76138279755213,8.21553195328327
K9,73.5,66.00444486245017,-7.495555137549829,7.495555137549829,10.198034200748067
K9,25.3,23.06594269202333,-2.2340573079766664,2.2340573079766664,8.830266039433464
K9,19.2,17.438884386351212,-1.761115613648787,1.761115613648787,9.172477154420767
F2,98.7,99.22742180908476,0.5274218090847569,0.5274218090847569,0.5343686008964103
F2,93.4,96.39095188496093,2.9909518849609213,2.9909518849609213,3.202303945354305
F2,91.5,95.34934457789169,3.849344577891685,3.849344577891685,4.206933964908945
F2,83.2,90.89513630772127,7.69513630772127,7.69513630772127,9.248961908318835
M4,64.6,48.93749260887197,-15.662507391128024,15.662507391128024,24.245367478526354
M4,20.3,13.23419210373439,-7.065807896265611,7.065807896265611,34.80693544958429
M4,11.4,6.771653858608317,-4.628346141391684,4.628346141391684,40.5995275560674
M1,55.3,33.35519317004909,-21.944806829950902,21.944806829950902,39.68319499086962
M5,89.0,88.11235762581421,-0.8876423741857877,0.8876423741857877,0.9973509822312222
M5,47.5,50.9050397576713,3.4050397576712967,3.4050397576712967,7.168504752992204
M5,45.0,48.92450514040036,3.9245051404003632,3.9245051404003632,8.72112253422303
M5,33.1,37.88232934372897,4.782329343728968,4.782329343728968,14.44812490552558
M5,18.5,22.515612791840592,4.015612791840592,4.015612791840592,21.706015091030228
M1,86.5,80.14443612919763,-6.355563870802371,6.355563870802371,7.3474726830085215
M1,55.0,46.93521084040527,-8.064789159594731,8.064789159594731,14.663253017444966
M1,17.3,14.70997400142305,-2.590025998576952,2.590025998576952,14.971248546687582
M1,11.2,9.11034431478394,-2.0896556852160586,2.0896556852160586,18.657640046571952
G5,32.4,42.39485032225422,9.994850322254225,9.994850322254225,30.848303463747605
K0,54.3,53.8064689130194,-0.493531086980596,0.493531086980596,0.9088970294301952
K0,49.0,49.33292086432333,0.3329208643233272,0.3329208643233272,0.679430335353729
G9,96.8,97.68345740153734,0.883457401537342,0.883457401537342,0.9126626048939483
G9,84.4,88.49760918993701,4.097609189937003,4.097609189937003,4.854987191868487
M0,91.0,91.61565992007904,0.6156599200790396,0.6156599200790396,0.6765493627242193
M0,43.2,43.95957955859615,0.759579558596144,0.759579558596144,1.7582860152688518
M0,8.0,8.20248987909706,0.2024898790970599,0.2024898790970599,2.5311234887132485
M2,98.3,98.42809152602848,0.1280915260284842,0.1280915260284842,0.13030674061900732
M2,74.8,70.23554805313549,-4.564451946864509,4.564451946864509,6.102208485112979
M2,52.4,49.90797212557083,-2.4920278744291693,2.4920278744291693,4.7557783863152086
M2,24.5,24.80472487877918,0.3047248787791794,0.3047248787791794,1.243775015425222
K4,89.6,84.07819558147584,-5.521804418524155,5.521804418524155,6.162728145674281
K4,70.8,62.40897821684404,-8.391021783155956,8.391021783155956,11.851725682423668
K4,65.7,57.39724628660464,-8.302753713395362,8.302753713395362,12.6373724709214
K4,52.0,45.19782335534905,-6.802176644650949,6.802176644650949,13.081108932021055
M0,63.7,64.38465990211884,0.6846599021188382,0.6846599021188382,1.0748193125884429
M0,17.6,21.234097477693435,3.634097477693434,3.634097477693434,20.648281123258144
M2,70.4,68.19443946598795,-2.2055605340120508,2.2055605340120508,3.132898485812572
M2,51.9,52.08852132581516,0.1885213258151594,0.1885213258151594,0.3632395487768004
F2,98.7,99.39454706592105,0.6945470659210429,0.6945470659210429,0.7036951022502967
F2,93.4,96.42280392768473,3.02280392768472,3.02280392768472,3.2364067748230405
F2,91.5,95.38063940298048,3.880639402980478,3.880639402980478,4.241135959541506
F2,83.2,90.9530611628958,7.753061162895804,7.753061162895804,9.318583128480533
M0,48.9,45.44511927240875,-3.454880727591245,3.454880727591245,7.0651957619452865
M9,46.1,54.63343862334077,8.533438623340771,8.533438623340771,18.510712848895384
M9,10.0,14.50864017625697,4.50864017625697,4.50864017625697,45.08640176256969
M2,85.4,91.22618910041484,5.826189100414837,5.826189100414837,6.822235480579433
M2,70.5,82.18422001897052,11.68422001897052,11.68422001897052,16.573361729036197
M2,20.7,40.34790170656574,19.647901706565744,19.647901706565744,94.91739954862678
M4,73.7,65.47067945831292,-8.229320541687088,8.229320541687088,11.165970884242995
M4,56.0,48.632577947917525,-7.367422052082475,7.367422052082475,13.156110807290133
M4,8.5,6.749232906822415,-1.7507670931775854,1.7507670931775854,20.5972599197363
M2,53.6,59.20248867739141,5.602488677391406,5.602488677391406,10.452404248864564
M0,46.7,48.60206436327308,1.9020643632730767,1.9020643632730767,4.072942962040849
M0,26.2,29.65806800405733,3.4580680040573317,3.4580680040573317,13.198732839913479
M4,91.2,86.39906179816249,-4.800938201837511,4.800938201837511,5.264186624821832
M4,77.6,68.53217783210889,-9.067822167891109,9.067822167891109,11.685337845220502
M4,68.3,58.65971896707519,-9.640281032924804,9.640281032924804,14.114613518191515
M4,27.7,23.17551673336517,-4.524483266634828,4.524483266634828,16.333874608789994
M4,14.6,11.733542191506734,-2.8664578084932657,2.8664578084932657,19.63327266091278
M4,11.6,9.058523868542094,-2.5414761314579053,2.5414761314579053,21.90927699532677
M2,93.1,95.46027571200015,2.36027571200016,2.36027571200016,2.5352048464018906
M2,91.0,94.02600806567732,3.026008065677317,3.026008065677317,3.3252835886563923
M2,74.5,83.01435154215498,8.514351542154984,8.514351542154984,11.428659788127495
M2,50.9,67.194296631068,16.294296631068,16.294296631068,32.012370591489194
M2,20.5,37.71674535709069,17.216745357090687,17.216745357090687,83.9841236931253
M2,6.4,13.185846610557872,6.785846610557872,6.785846610557872,106.02885328996675
M1,80.7,84.90069210125436,4.200692101254361,4.200692101254361,5.205318588914945
M1,72.5,80.72456548564116,8.224565485641165,8.224565485641165,11.344228256056779
M1,42.7,57.03326635651471,14.333266356514706,14.333266356514706,33.567368516427884
M1,1.9,2.481891595189637,0.5818915951896373,0.5818915951896373,30.625873431033547
M1,89.4,90.56196022839931,1.161960228399309,1.161960228399309,1.2997317991043722
M1,87.8,86.40655421671703,-1.3934457832829708,1.3934457832829708,1.5870680902995111
M1,74.0,72.67264333978108,-1.3273566602189248,1.3273566602189248,1.7937252165120605
M1,49.1,49.39569524496415,0.2956952449641505,0.2956952449641505,0.6022306414748483
M1,38.5,40.50411500335973,2.004115003359729,2.004115003359729,5.205493515220075
M2,47.3,35.63539565819199,-11.664604341808008,11.664604341808008,24.660897128558158
M4,75.5,74.80208626399896,-0.6979137360010412,0.6979137360010412,0.9243890543060148
M4,44.9,48.59293694741,3.692936947410004,3.692936947410004,8.224803891781745
M4,14.6,17.676901729044154,3.0769017290441543,3.0769017290441543,21.074669377014757
M4,9.8,10.380551664989785,0.5805516649897839,0.5805516649897839,5.9239965815284075
M6,48.7,62.63408110224123,13.93408110224123,13.93408110224123,28.612076185300268
M6,27.6,42.91800614389328,15.318006143893278,15.318006143893278,55.500022260482886
M0,51.7,51.83463224765215,0.1346322476521493,0.1346322476521493,0.2604105370447762
G2,49.3,64.59465951718232,15.294659517182325,15.294659517182325,31.02365013627247
G2,40.9,57.80219359481912,16.902193594819117,16.902193594819117,41.325656711049184
G2,37.3,54.6062874224339,17.306287422433904,17.306287422433904,46.39755341135095
K7,95.8,93.59764281020348,-2.2023571897965155,2.2023571897965155,2.2989114716038785
K7,69.6,62.19773492054969,-7.402265079450302,7.402265079450302,10.635438332543538
K7,43.1,38.79313679114277,-4.30686320885723,4.30686320885723,9.992722062313758
M2,90.1,85.47227576952908,-4.627724230470918,4.627724230470918,5.1362089128423065
M2,76.5,69.25638219628814,-7.243617803711857,7.243617803711857,9.468781442760598
M2,16.5,14.898979984830428,-1.6010200151695724,1.6010200151695724,9.703151607088317
M2,8.6,7.222032549951385,-1.3779674500486143,1.3779674500486143,16.022877326146677
M2,1.9,1.141647443688426,-0.7583525563115738,0.7583525563115738,39.91329243745126
M7,39.7,40.32533333255893,0.6253333325589239,0.6253333325589239,1.575146933397793
K9,2.8,2.3221231816909915,-0.4778768183090083,0.4778768183090083,17.067029225321726
K5,47.7,44.66824762547366,-3.031752374526341,3.031752374526341,6.355874999007003
M2,2.7,2.158428954529791,-0.5415710454702092,0.5415710454702092,20.058186869267004
M2,0.4,0.2214474417700432,-0.1785525582299567,0.1785525582299567,44.63813955748917
K9,97.0,96.53892567778666,-0.4610743222133351,0.4610743222133351,0.47533435279725267
K9,50.6,48.87312014808874,-1.7268798519112636,1.7268798519112636,3.412806031445185
K9,13.4,13.694865373630709,0.2948653736307065,0.2948653736307065,2.20048786291572
K9,1.6,1.055097043545401,-0.5449029564545991,0.5449029564545991,34.056434778412445
G8,40.2,45.789249179673696,5.589249179673693,5.589249179673693,13.903604924561424
G8,27.1,33.16998411180625,6.069984111806249,6.069984111806249,22.39846535721863
G8,20.5,25.907741900373164,5.407741900373164,5.407741900373164,26.379228782308118
G8,13.2,16.936598557863128,3.736598557863129,3.736598557863129,28.307564832296432
G8,7.6,9.375559379309772,1.7755593793097724,1.7755593793097724,23.36262341197069
F4,91.3,88.43912833594173,-2.8608716640582657,2.8608716640582657,3.1334848456278923
F4,77.4,72.93261799088754,-4.46738200911247,4.46738200911247,5.7718113812822605
F4,71.7,67.2685008981874,-4.431499101812605,4.431499101812605,6.180612415359281
F4,49.8,47.33628217286285,-2.4637178271371454,2.4637178271371454,4.9472245524842275
F4,24.9,24.02289590798585,-0.8771040920141502,0.8771040920141502,3.522506393631125
M1,49.7,44.64819519703683,-5.051804802963176,5.051804802963176,10.164597189060714
M0,58.8,54.410069362164975,-4.389930637835022,4.389930637835022,7.465868431692215
M0,28.0,27.23340308539857,-0.766596914601422,0.766596914601422,2.737846123576507
M0,11.8,11.239026052654566,-0.5609739473454347,0.5609739473454347,4.754016502927413
M0,0.7,0.3453178121305154,-0.3546821878694846,0.3546821878694846,50.66888398135494
K6,96.7,94.88565056063888,-1.814349439361124,1.814349439361124,1.876266224778825
K6,48.9,55.98754590208319,7.087545902083193,7.087545902083193,14.493958899965628
M2,73.9,67.98973299348515,-5.910267006514857,5.910267006514857,7.997654947922675
M6,86.7,79.86265932726944,-6.837340672730562,6.837340672730562,7.88620608158081
M6,14.2,11.76025463563488,-2.43974536436512,2.43974536436512,17.18130538285296
M6,0.3,0.1038082203598845,-0.1961917796401154,0.1961917796401154,65.39725988003846
A8,99.5,99.462087601661,-0.0379123983389888,0.0379123983389888,0.038102912903506335
A8,95.4,93.81356876663232,-1.5864312333676909,1.5864312333676909,1.662925821140137
A8,81.2,77.0892132660749,-4.110786733925096,4.110786733925096,5.0625452388240095
A8,66.9,63.032513383836914,-3.867486616163092,3.867486616163092,5.780996436716132
A8,64.3,60.63138078719724,-3.66861921280276,3.66861921280276,5.705473114778787
A8,46.8,45.00124067863006,-1.7987593213699355,1.7987593213699355,3.8435028234400335
A8,43.9,42.43320603112622,-1.4667939688737803,1.4667939688737803,3.341216330008611
A8,34.7,33.91637116992093,-0.7836288300790741,0.7836288300790741,2.258296340285516
A8,29.8,29.25556222137048,-0.544437778629522,0.544437778629522,1.8269724115084631
A8,22.1,21.49637481974728,-0.6036251802527275,0.6036251802527275,2.7313356572521603
A7,88.7,87.26285865428734,-1.4371413457126607,1.4371413457126607,1.6202269962938678
A7,81.2,79.77516643316063,-1.424833566839368,1.424833566839368,1.7547211414277928
A7,74.1,73.17718010965855,-0.9228198903414436,0.9228198903414436,1.2453709721207067
A7,44.6,47.30272721224095,2.702727212240952,2.702727212240952,6.059926484845183
A7,24.4,27.327129647230446,2.927129647230448,2.927129647230448,11.996432980452658
A7,6.7,6.151777486243459,-0.5482225137565413,0.5482225137565413,8.18242557845584
F1,91.3,89.66942989412398,-1.6305701058760178,1.6305701058760178,1.785947542032878
F1,82.9,80.77663144432289,-2.123368555677118,2.123368555677118,2.561361345810757
F1,53.4,54.02066119376572,0.62066119376572,0.62066119376572,1.1622868797110864
F1,14.0,14.545706118669276,0.5457061186692762,0.5457061186692762,3.897900847637687
F9,78.7,77.07382683127135,-1.6261731687286556,1.6261731687286556,2.0662937340897782
F9,72.8,71.65829294709359,-1.141707052906412,1.141707052906412,1.568278918827489
F9,56.5,57.27043874582901,0.7704387458290114,0.7704387458290114,1.3636083996973654
F9,35.3,38.12773133667634,2.827731336676344,2.827731336676344,8.0105703588565
F9,14.1,14.941093792477144,0.8410937924771442,0.8410937924771442,5.965204201965562
F9,3.7,2.637651063227361,-1.062348936772639,1.062348936772639,28.71213342628754
F3,33.1,35.75281743776428,2.652817437764277,2.652817437764277,8.01455419264132
F3,65.7,65.16253617926613,-0.5374638207338762,0.5374638207338762,0.8180575658049866
F6,83.7,80.9724352106346,-2.7275647893654025,2.7275647893654025,3.258739294343372
F6,69.3,67.0341554125593,-2.2658445874406965,2.2658445874406965,3.2696170092939347
F6,53.1,52.71616189930492,-0.3838381006950797,0.3838381006950797,0.7228589466950653
F6,41.1,41.95489551859469,0.854895518594688,0.854895518594688,2.080037758137927
F6,27.7,28.956547540602514,1.256547540602515,1.256547540602515,4.536272709756372
F6,11.5,10.984437085163254,-0.515562914836746,0.515562914836746,4.483155781189096
A9,60.9,58.26778980259297,-2.6322101974070264,2.6322101974070264,4.322184232195446
A9,17.1,16.56913289781516,-0.5308671021848426,0.5308671021848426,3.1044859776891376
A7,91.7,90.67149430526824,-1.0285056947317486,1.0285056947317486,1.1215983584860942
A7,83.1,82.0183682566459,-1.0816317433540945,1.0816317433540945,1.3016025792468044
A7,65.7,66.41954439840246,0.7195443984024621,0.7195443984024621,1.095196953428405
A7,43.8,47.38320757506638,3.583207575066382,3.583207575066382,8.180839212480324
A7,23.6,27.127329125815,3.527329125814997,3.527329125814997,14.946309855148291
K7,82.7,82.2655599684607,-0.434440031539296,0.434440031539296,0.5253204734453397
F5,77.2,74.65902958160834,-2.540970418391666,2.540970418391666,3.291412459056562
F5,32.4,33.97990020805854,1.5799002080585396,1.5799002080585396,4.876235210057221
M7,27.6,22.96907017530108,-4.630929824698928,4.630929824698928,16.77873124890916
A2,98.7,98.5472678951404,-0.1527321048596093,0.1527321048596093,0.1547437739205768
A2,94.0,92.81582085928488,-1.1841791407151303,1.1841791407151303,1.2597650433139684
A2,89.4,87.69404984806404,-1.7059501519359657,1.7059501519359657,1.9082216464608115
A2,78.8,77.14400621336422,-1.6559937866357757,1.6559937866357757,2.1015149576596137
A2,71.0,69.99887369306062,-1.0011263069393834,1.0011263069393834,1.4100370520273007
A2,63.4,63.31012207896895,-0.0898779210310536,0.0898779210310536,0.1417632823833653
A2,51.8,53.22981698134807,1.4298169813480683,1.4298169813480683,2.7602644427568888
A2,45.3,47.42466508379698,2.124665083796984,2.124665083796984,4.690209898006588
A2,35.0,37.87878417717307,2.878784177173067,2.878784177173067,8.225097649065907
A7,86.0,83.31207339050366,-2.687926609496344,2.687926609496344,3.1254960575538884
A7,75.4,72.70587782456822,-2.6941221754317866,2.6941221754317866,3.5731063334639073
A7,73.5,70.9179964380723,-2.5820035619277064,2.5820035619277064,3.5129300162281716
A7,39.0,39.94882756101141,0.948827561011413,0.948827561011413,2.432891182080546
A7,27.9,29.126388882559457,1.2263888825594584,1.2263888825594584,4.395659077274044
B8,93.8,93.53732450319076,-0.2626754968092513,0.2626754968092513,0.2800378430802252
B8,84.4,84.65711878202917,0.2571187820291669,0.2571187820291669,0.304643106669629
B8,73.3,75.03362515351002,1.733625153510019,1.733625153510019,2.3651093499454556
B8,65.1,68.31031963750814,3.210319637508149,3.210319637508149,4.93136657067304
B8,46.2,52.39338307829992,6.193383078299917,6.193383078299917,13.405591078571247
F7,86.5,85.40213958096827,-1.0978604190317327,1.0978604190317327,1.2692027965684771
F7,71.5,71.47894141135878,-0.0210585886412246,0.0210585886412246,0.02945257152618825
F7,51.7,54.4549742659386,2.7549742659385927,2.7549742659385927,5.328770340306756
F7,44.2,47.79388487179998,3.593884871799979,3.593884871799979,8.130961248416241
F7,24.4,28.158337748047074,3.758337748047076,3.758337748047076,15.403023557569984
F7,15.2,17.198301316178448,1.9983013161784484,1.9983013161784484,13.146719185384528
A9,78.6,74.95721576473495,-3.64278423526504,3.64278423526504,4.6345855410496695
A9,77.7,74.04129084049667,-3.6587091595033314,3.6587091595033314,4.7087633970441845
A9,42.9,42.31758427344262,-0.5824157265573788,0.5824157265573788,1.3576124162176664
M2,98.3,97.7596009160853,-0.5403990839146928,0.5403990839146928,0.5497447445724241
M2,52.4,47.93568875525485,-4.464311244745147,4.464311244745147,8.519677947986922
M2,24.4,23.17704594819149,-1.2229540518085074,1.2229540518085074,5.012106769706998
M0,91.0,86.6461374468682,-4.353862553131805,4.353862553131805,4.784464344100884
M0,43.2,39.996264717029874,-3.203735282970129,3.203735282970129,7.416053895764187
M0,8.0,7.243075183820582,-0.756924816179418,0.756924816179418,9.461560202242724
G9,96.8,96.325804663488,-0.474195336512011,0.474195336512011,0.48987121540497003
G9,84.4,83.49606040255622,-0.9039395974437808,0.9039395974437808,1.0710184803836265
G9,12.9,16.792020838641026,3.8920208386410255,3.8920208386410255,30.170704175511826
G9,3.1,3.353794501899031,0.2537945018990308,0.2537945018990308,8.186919416097767
M0,90.4,88.59160597377975,-1.808394026220256,1.808394026220256,2.0004358697126725
M0,3.6,3.291086975920754,-0.3089130240792461,0.3089130240792461,8.580917335534613
M2,85.1,81.89692382004506,-3.203076179954934,3.203076179954934,3.7638968037073255
M2,45.6,45.8290654482201,0.2290654482200977,0.2290654482200977,0.5023365092546003
M2,1.5,1.0597458100886306,-0.4402541899113694,0.4402541899113694,29.350279327424627
M2,0.2,0.0839606402093519,-0.1160393597906481,0.1160393597906481,58.01967989532405
G5,31.7,46.39792499905785,14.69792499905785,14.69792499905785,46.36569400333707
G5,5.9,10.058041953511134,4.158041953511134,4.158041953511134,70.47528734764633
M1,44.8,43.39293411750085,-1.4070658824991469,1.4070658824991469,3.1407720591498816
M1,18.6,18.74619429193795,0.1461942919379488,0.1461942919379488,0.7859908168706924
M1,8.5,7.914253889254644,-0.5857461107453563,0.5857461107453563,6.891130714651251
F6,90.9,88.9842360172906,-1.9157639827094075,1.9157639827094075,2.1075511360939574
F6,51.6,51.77485533652949,0.1748553365294824,0.1748553365294824,0.33886693125868683
K4,89.6,87.94748737551039,-1.652512624489603,1.652512624489603,1.844322125546432
K4,70.8,70.0968098025363,-0.703190197463698,0.703190197463698,0.9932064935927939
K4,65.7,77.65967270547984,11.959672705479832,11.959672705479832,18.203459216864278
K4,52.0,54.21783567736251,2.2178356773625083,2.2178356773625083,4.265068610312516
K4,23.4,27.638770459828866,4.238770459828867,4.238770459828867,18.11440367448234
K4,20.1,24.01773884476584,3.91773884476584,3.91773884476584,19.491238033660892
K4,6.8,7.681218723976155,0.8812187239761551,0.8812187239761551,12.959098882002282
K4,2.9,2.770961509499527,-0.1290384905004731,0.1290384905004731,4.449603120705969
K4,1.0,0.7259186512979439,-0.2740813487020561,0.2740813487020561,27.408134870205608
K9,95.3,93.04756873955613,-2.2524312604438705,2.2524312604438705,2.3635165377165483
K9,82.3,75.74414989205886,-6.55585010794114,6.55585010794114,7.96579599992848
K9,73.5,66.25826432942641,-7.24173567057359,7.24173567057359,9.852701592617128
K9,25.3,23.28908906590968,-2.010910934090319,2.010910934090319,7.948264561621814
K9,19.2,17.623840330392007,-1.5761596696079927,1.5761596696079927,8.209164945874962
K9,12.5,11.122654720617955,-1.3773452793820429,1.3773452793820429,11.018762235056343
K9,3.7,2.643634869409208,-1.0563651305907924,1.0563651305907924,28.550408934886278
F2,98.7,98.437509649024,-0.2624903509759946,0.2624903509759946,0.26594767069503
F2,93.4,92.87129816713488,-0.5287018328651385,0.5287018328651385,0.5660619195558227
F2,91.5,90.89252174195356,-0.6074782580464415,0.6074782580464415,0.6639106645316301
F2,83.2,82.80575105548574,-0.3942489445142598,0.3942489445142598,0.47385690446425455
M4,64.6,57.07734538259695,-7.522654617403049,7.522654617403049,11.644976187930418
M4,20.3,17.996072639817534,-2.303927360182467,2.303927360182467,11.349395862967816
M4,11.4,9.579638556865078,-1.8203614431349229,1.8203614431349229,15.968082834516867
M1,55.3,46.37802706302134,-8.921972936978655,8.921972936978655,16.133766612981294
M5,89.0,83.92180991002988,-5.078190089970121,5.078190089970121,5.705831561764181
M5,47.5,41.57849401357189,-5.921505986428116,5.921505986428116,12.466328392480245
M5,45.0,39.62776455830455,-5.372235441695452,5.372235441695452,11.938300981545447
M5,33.1,29.26198535752572,-3.838014642474281,3.838014642474281,11.595210400224413
M5,18.5,16.22119628193172,-2.2788037180682785,2.2788037180682785,12.31785793550421
M5,0.4,0.1659493581404582,-0.2340506418595417,0.2340506418595417,58.51266046488542
M1,86.5,84.75396549379411,-1.7460345062058875,1.7460345062058875,2.0185370013940895
M1,55.0,55.36275704908921,0.3627570490892111,0.3627570490892111,0.6595582710712928
M1,17.3,20.003466778939323,2.7034667789393225,2.7034667789393225,15.626975600805332
M1,11.2,12.80902551699364,1.6090255169936416,1.6090255169936416,14.3662992588718
M1,3.6,3.436335910887269,-0.1636640891127312,0.1636640891127312,4.546224697575867
M1,1.4,1.0492119398288966,-0.3507880601711033,0.3507880601711033,25.056290012221666
K0,30.1,35.017238783806114,4.917238783806113,4.917238783806113,16.33634147443891
G5,32.4,47.15711195664328,14.757111956643278,14.757111956643278,45.546641841491606
G5,5.9,10.0561701781154,4.156170178115401,4.156170178115401,70.443562340939
K0,54.3,57.42402490131054,3.124024901310541,3.124024901310541,5.753268694862874
K0,49.0,53.02739614131581,4.027396141315812,4.027396141315812,8.219175798603699
G9,96.8,96.6229686819064,-0.1770313180936114,0.1770313180936114,0.1828835930719126
G9,84.4,83.84402690514094,-0.5559730948590698,0.5559730948590698,0.658735894382784
G9,12.9,16.82047549493495,3.9204754949349496,3.9204754949349496,30.391282906472476
G9,3.1,3.355089013653509,0.2550890136535089,0.2550890136535089,8.22867785979061
G9,2.8,2.982134670853894,0.1821346708538942,0.1821346708538942,6.504809673353365
M0,91.0,90.73514793410934,-0.2648520658906648,0.2648520658906648,0.29104622625347776
M0,43.2,41.04360275935651,-2.156397240643493,2.156397240643493,4.991660279267344
M0,8.0,7.243075183820582,-0.756924816179418,0.756924816179418,9.461560202242724
M2,98.3,98.31146279057256,0.0114627905725512,0.0114627905725512,0.011661028049390844
M2,74.8,68.62379985029504,-6.176200149704954,6.176200149704954,8.256952071798066
M2,52.4,47.93568875525485,-4.464311244745147,4.464311244745147,8.519677947986922
M2,24.5,23.267221373439178,-1.2327786265608225,1.2327786265608225,5.031749496166622
K4,89.6,88.11881846712063,-1.4811815328793614,1.4811815328793614,1.6531043893742874
K4,70.8,70.21225547772242,-0.5877445222775748,0.5877445222775748,0.8301476303355577
K4,65.7,65.7357448998101,0.0357448998100977,0.0357448998100977,0.05440624019801781
K4,52.0,54.21783567736251,2.2178356773625083,2.2178356773625083,4.265068610312516
K4,23.4,27.66163489864669,4.26163489864669,4.26163489864669,18.212114951481585
K4,20.1,24.03564770954799,3.9356477095479896,3.9356477095479896,19.580336863422833
K4,6.8,7.683684063478205,0.8836840634782055,0.8836840634782055,12.995353874679495
K4,2.9,2.770961509499527,-0.1290384905004731,0.1290384905004731,4.449603120705969
K4,1.0,0.7260001308006407,-0.2739998691993592,0.2739998691993592,27.39998691993592
M0,63.7,63.13100381948613,-0.5689961805138708,0.5689961805138708,0.8932436114817437
M0,17.6,20.24364344204741,2.643643442047413,2.643643442047413,15.020701375269391
M0,7.8,8.487218509843895,0.6872185098438957,0.6872185098438957,8.81049371594738
M0,7.7,8.38558630332674,0.6855863033267395,0.6855863033267395,8.903718225022592
M2,70.4,63.56524808308509,-6.834751916914918,6.834751916914918,9.708454427435962
M2,51.9,46.77486938795164,-5.125130612048359,5.125130612048359,9.875010813195297
M2,3.9,2.83154703540241,-1.06845296459759,1.06845296459759,27.396229861476666
F2,98.7,98.7737930252424,0.0737930252424092,0.0737930252424092,0.07476496985046525
F2,93.4,92.93235094243404,-0.4676490575659642,0.4676490575659642,0.500694922447499
F2,91.5,90.95147535102564,-0.5485246489743645,0.5485246489743645,0.5994804906823655
F2,83.2,82.9071456880599,-0.2928543119401041,0.2928543119401041,0.35198835569724046
F2,5.0,4.556289950753033,-0.4437100492469668,0.4437100492469668,8.874200984939336
M0,48.9,49.93886844720232,1.0388684472023255,1.0388684472023255,2.124475352151995
M9,46.1,46.66793725264953,0.5679372526495285,0.5679372526495285,1.2319680100857453
M9,10.0,10.60683139516098,0.6068313951609792,0.6068313951609792,6.068313951609792
M2,85.4,83.56597484842831,-1.8340251515716943,1.8340251515716943,2.1475704350956604
M2,70.5,69.01524617191657,-1.4847538280834272,1.4847538280834272,2.1060337986998965
M2,20.7,23.337024627481224,2.637024627481225,2.637024627481225,12.73924940812186
M4,73.7,67.44354496373539,-6.256455036264612,6.256455036264612,8.489084174036106
M4,56.0,50.91650574113151,-5.083494258868491,5.083494258868491,9.07766831940802
M4,8.5,7.442676758940146,-1.057323241059854,1.057323241059854,12.439096953645343
M2,53.6,53.02847909578696,-0.5715209042130382,0.5715209042130382,1.0662703436810415
M0,46.7,44.369744752079285,-2.330255247920718,2.330255247920718,4.989839931307747
M0,26.2,26.073122082026423,-0.1268779179735766,0.1268779179735766,0.48426686249456713
M0,4.7,3.9488551648900376,-0.7511448351099625,0.7511448351099625,15.981805002339627
M0,1.0,0.5389282195056925,-0.4610717804943075,0.4610717804943075,46.10717804943075
M4,91.2,87.44999887893827,-3.750001121061729,3.750001121061729,4.111843334497509
M4,77.6,70.54479427640463,-7.055205723595364,7.055205723595364,9.091759953086811
M4,68.3,60.983053498019096,-7.316946501980901,7.316946501980901,10.712952418712886
M4,27.7,25.10457718508597,-2.595422814914027,2.595422814914027,9.369757454563276
M4,14.6,12.92595470701817,-1.6740452929818304,1.6740452929818304,11.466063650560482
M4,11.6,10.024266131735152,-1.5757338682648463,1.5757338682648463,13.58391265745557
M2,93.1,91.56963632204943,-1.530363677950561,1.530363677950561,1.6437848313110217
M2,91.0,89.02991018622757,-1.9700898137724323,1.9700898137724323,2.1649338612883873
M2,74.5,71.30525464962375,-3.194745350376252,3.194745350376252,4.288248792451345
M2,50.9,50.46985107077231,-0.4301489292276912,0.4301489292276912,0.8450863049659946
M2,20.5,22.28884486069593,1.7888448606959315,1.7888448606959315,8.726072491199666
M2,6.4,6.339177359098374,-0.0608226409016259,0.0608226409016259,0.9503537640879047
M2,2.6,2.097355088432894,-0.5026449115671054,0.5026449115671054,19.332496598734824
M2,1.0,0.6407874923979718,-0.3592125076020281,0.3592125076020281,35.92125076020281
M1,80.7,77.92336031374688,-2.7766396862531195,2.7766396862531195,3.4406935393471123
M1,72.5,72.37396075003514,-0.1260392499648617,0.1260392499648617,0.17384724133084373
M1,42.7,44.8147997774973,2.1147997774972964,2.1147997774972964,4.952692687347298
M1,1.9,1.3876135800302485,-0.5123864199697514,0.5123864199697514,26.967706314197443
M1,0.5,0.2586315704658105,-0.2413684295341894,0.2413684295341894,48.27368590683788
M1,0.1,0.0287739925184514,-0.0712260074815485,0.0712260074815485,71.2260074815485
M1,89.4,89.98418312415231,0.5841831241523039,0.5841831241523039,0.6534486847341207
M1,87.8,85.60985431708984,-2.190145682910156,2.190145682910156,2.494471165045736
M1,74.0,71.30844486291998,-2.691555137080016,2.691555137080016,3.637236671729751
M1,49.1,47.630239956042494,-1.469760043957507,1.469760043957507,2.993401311522417
M1,38.5,38.77851902531164,0.2785190253116383,0.2785190253116383,0.7234260397704891
M1,0.6,0.3239386755602597,-0.2760613244397402,0.2760613244397402,46.0102207399567
M1,0.4,0.2064372172254753,-0.1935627827745247,0.1935627827745247,48.39069569363117
M1,0.3,0.1392954917049429,-0.160704508295057,0.160704508295057,53.568169431685675
M1,0.1,0.0472852944608749,-0.052714705539125,0.052714705539125,52.71470553912499
M1,0.0,0.023995470726561,0.023995470726561,0.023995470726561,
M2,47.3,44.41793790859568,-2.882062091404322,2.882062091404322,6.093154527281865
M4,75.5,66.4493736352627,-9.050626364737298,9.050626364737298,11.987584589056024
M4,44.9,38.15168424235527,-6.7483157576447255,6.7483157576447255,15.029656475823442
M4,14.6,11.872781661009071,-2.7272183389909284,2.7272183389909284,18.679577664321428
M4,9.8,6.682231129990165,-3.117768870009836,3.117768870009836,31.813968061324854
M4,0.8,0.3517388903943227,-0.4482611096056773,0.4482611096056773,56.03263870070966
M6,48.7,49.06820852122211,0.3682085212221082,0.3682085212221082,0.756074992242522
M6,27.6,29.649281289749663,2.049281289749665,2.049281289749665,7.424932209237915
M0,51.7,52.33099819444933,0.6309981944493259,0.6309981944493259,1.2204994089928933
G6,28.3,39.48203452441839,11.182034524418388,11.182034524418388,39.51248948557734
K0,92.6,92.91636465823836,0.3163646582383705,0.3163646582383705,0.341646499177506
K0,80.1,81.71880264971558,1.6188026497155903,1.6188026497155903,2.020977090781012
K0,67.3,71.28804285353903,3.988042853539028,3.988042853539028,5.92576947034031
K0,64.0,68.73833286863768,4.738332868637684,4.738332868637684,7.403645107246382
K0,24.3,33.17885019718752,8.878850197187521,8.878850197187521,36.538478177726425
K0,8.3,11.897367329886697,3.597367329886696,3.597367329886696,43.341775058875854
M!,49.7,44.64819519703683,-5.051804802963176,5.051804802963176,10.164597189060714
G8,40.2,45.789249179673696,5.589249179673693,5.589249179673693,13.903604924561424
G8,27.1,33.16998411180625,6.069984111806249,6.069984111806249,22.39846535721863
G8,20.5,25.907741900373164,5.407741900373164,5.407741900373164,26.379228782308118
G8,13.2,16.936598557863128,3.736598557863129,3.736598557863129,28.307564832296432
G8,7.6,9.375559379309772,1.7755593793097724,1.7755593793097724,23.36262341197069
G4,89.2,90.10953679222396,0.909536792223946,0.909536792223946,1.0196600809685492
G4,44.6,54.656584879311445,10.056584879311444,10.056584879311444,22.548396590384403
G4,29.0,39.952257214081605,10.952257214081603,10.952257214081603,37.76640418648829
G4,13.1,20.18648027025857,7.086480270258575,7.086480270258575,54.09526923861508
G4,3.5,4.693706977089314,1.193706977089314,1.193706977089314,34.10591363112326
G9,68.3,66.27294182145374,-2.027058178546256,2.027058178546256,2.967874346334196
G9,42.4,44.0595974021506,1.6595974021506024,1.6595974021506024,3.9141448163929304
G9,20.8,23.344894101226508,2.5448941012265074,2.5448941012265074,12.235067794358208
G9,16.7,18.82359214948754,2.123592149487539,2.123592149487539,12.716120655614008
G9,9.2,9.97633621485983,0.7763362148598301,0.7763362148598301,8.438437118041632
G4,70.0,73.3642534423427,3.364253442342701,3.364253442342701,4.806076346203858
G6,46.2,59.44140858541631,13.241408585416302,13.241408585416302,28.661057544191127
G0,81.2,81.43886200364649,0.2388620036464885,0.2388620036464885,0.2941650291212912
G0,38.0,45.07304296716404,7.073042967164035,7.073042967164035,18.613270966221148
G1,48.7,58.24471456196455,9.544714561964549,9.544714561964549,19.599003207319402
G6,94.7,95.44738522620426,0.7473852262042584,0.7473852262042584,0.7892135440382876
G6,94.7,95.44738522620426,0.7473852262042584,0.7473852262042584,0.7892135440382876
G6,85.3,87.63324011261571,2.3332401126157123,2.3332401126157123,2.735334246911738
G6,37.5,50.17411421089619,12.674114210896192,12.674114210896192,33.797637895723184
G6,16.6,26.47478032791081,9.874780327910807,9.874780327910807,59.486628481390404
G6,7.2,11.554161595697792,4.354161595697792,4.354161595697792,60.47446660691378
G6,6.1,9.668403020069643,3.568403020069645,3.568403020069645,58.49841016507615
G9,64.8,71.6547933637215,6.854793363721498,6.854793363721498,10.578384820557869
G9,27.5,39.5005573714819,12.000557371481896,12.000557371481896,43.63839044175235
