star_type,temperature,radius_km,distance_ls,distance_au,heat,pred_v82_power,error_v82,abs_error_v82,pred_v80_ergod,error_v80,abs_error_v80,improvement
G2,6016.0,806590.0,687.0,1.376753507014028,49.3,64.59465951718232,15.294659517182325,15.294659517182325,81.82892479674287,32.52892479674287,32.52892479674287,17.234265279560546
G2,6016.0,806590.0,900.0,1.8036072144288573,40.9,57.80219359481912,16.902193594819117,16.902193594819117,76.89607335354394,35.99607335354394,35.99607335354394,19.093879758724825
G2,6016.0,806590.0,1016.0,2.036072144288577,37.3,54.6062874224339,17.306287422433904,17.306287422433904,74.3358784192276,37.0358784192276,37.0358784192276,19.729590996793696
K7,4289.0,492894.0,18.0,0.0360721442885771,95.8,93.59764281020348,-2.2023571897965155,2.2023571897965155,97.31604483837816,1.5160448383781642,1.5160448383781642,-0.6863123514183513
K7,4289.0,492894.0,151.0,0.3026052104208417,69.6,62.19773492054969,-7.402265079450302,7.402265079450302,79.59406079501913,9.994060795019138,9.994060795019138,2.5917957155688356
K7,4289.0,492894.0,364.0,0.7294589178356713,43.1,38.79313679114277,-4.30686320885723,4.30686320885723,57.685056026667624,14.585056026667623,14.585056026667623,10.278192817810393
M2,3668.0,464873.0,28.0,0.0561122244488977,90.1,85.47227576952908,-4.627724230470918,4.627724230470918,87.849925399688,-2.25007460031199,2.25007460031199,-2.3776496301589276
M2,3668.0,464873.0,71.0,0.1422845691382765,76.5,69.25638219628814,-7.243617803711857,7.243617803711857,72.00194972810286,-4.498050271897142,4.498050271897142,-2.7455675318147144
M2,3668.0,464873.0,702.0,1.406813627254509,16.5,14.898979984830428,-1.6010200151695724,1.6010200151695724,3.886122211946505,-12.613877788053495,12.613877788053495,11.012857772883923
M2,3668.0,464873.0,1360.0,2.725450901803608,8.6,7.222032549951385,-1.3779674500486143,1.3779674500486143,0.18511400827140814,-8.41488599172859,8.41488599172859,7.036918541679976
M2,3668.0,464873.0,5979.0,11.98196392785571,1.9,1.141647443688426,-0.7583525563115738,0.7583525563115738,9.700162990821493e-11,-1.8999999999029982,1.8999999999029982,1.1416474435914243
M7,2768.0,181456.0,46.0,0.0921843687374749,39.7,40.32533333255893,0.6253333325589239,0.6253333325589239,37.09487486101985,-2.6051251389801493,2.6051251389801493,1.9797918064212254
K9,4002.0,524987.0,4837.0,9.693386773547092,2.8,2.3221231816909915,-0.4778768183090083,0.4778768183090083,0.024570438991541547,-2.7754295610084583,2.7754295610084583,2.29755274269945
K5,4608.0,660184.0,486.0,0.9739478957915833,47.7,44.66824762547366,-3.031752374526341,3.031752374526341,64.1872505719169,16.487250571916903,16.487250571916903,13.455498197390561
M2,1728.0,101552.0,217.0,0.4348697394789579,2.7,2.158428954529791,-0.5415710454702092,0.5415710454702092,2.37780006676497e-06,-2.6999976221999336,2.6999976221999336,2.1584265767297244
M2,1728.0,101552.0,1227.0,2.458917835671343,0.4,0.2214474417700432,-0.1785525582299567,0.1785525582299567,7.798560601155816e-42,-0.4,0.4,0.22144744177004333
K9,4029.0,549859.0,9.0,0.0180360721442885,97.0,96.53892567778666,-0.4610743222133351,0.4610743222133351,98.56029225080377,1.5602922508037693,1.5602922508037693,1.0992179285904342
K9,4029.0,549859.0,238.0,0.4769539078156312,50.6,48.87312014808874,-1.7268798519112636,1.7268798519112636,68.14789232383318,17.547892323833175,17.547892323833175,15.821012471921911
K9,4029.0,549859.0,1142.0,2.288577154308617,13.4,13.694865373630709,0.2948653736307065,0.2948653736307065,15.880039151704652,2.480039151704652,2.480039151704652,2.1851737780739455
K9,4029.0,549859.0,9522.0,19.08216432865732,1.6,1.055097043545401,-0.5449029564545991,0.5449029564545991,2.1711887588270063e-05,-1.5999782881124118,1.5999782881124118,1.0550753316578128
G8,5473.0,723802.0,890.0,1.783567134268537,40.2,45.789249179673696,5.589249179673693,5.589249179673693,66.99022092803534,26.79022092803534,26.79022092803534,21.200971748361646
G8,5473.0,723802.0,1436.0,2.8777555110220443,27.1,33.16998411180625,6.069984111806249,6.069984111806249,52.39288851167646,25.29288851167646,25.29288851167646,19.22290439987021
G8,5473.0,723802.0,1952.0,3.911823647294589,20.5,25.907741900373164,5.407741900373164,5.407741900373164,41.53345491437876,21.03345491437876,21.03345491437876,15.625713014005594
G8,5473.0,723802.0,3093.0,6.198396793587174,13.2,16.936598557863128,3.736598557863129,3.736598557863129,24.850823037342927,11.650823037342928,11.650823037342928,7.914224479479799
G8,5473.0,723802.0,5413.0,10.847695390781563,7.6,9.375559379309772,1.7755593793097724,1.7755593793097724,8.745758606593183,1.1457586065931835,1.1457586065931835,-0.6298007727165889
F4,7133.0,1075820.0,239.0,0.4789579158316633,91.3,88.43912833594173,-2.8608716640582657,2.8608716640582657,97.7584677399809,6.458467739980904,6.458467739980904,3.597596075922638
F4,7133.0,1075820.0,653.0,1.308617234468938,77.4,72.93261799088754,-4.46738200911247,4.46738200911247,93.99389356090069,16.593893560900682,16.593893560900682,12.126511551788212
F4,7133.0,1075820.0,842.0,1.687374749498998,71.7,67.2685008981874,-4.431499101812605,4.431499101812605,92.32382258482036,20.62382258482036,20.62382258482036,16.192323483007755
F4,7133.0,1075820.0,1784.0,3.5751503006012024,49.8,47.33628217286285,-2.4637178271371454,2.4637178271371454,84.43218952262725,34.63218952262726,34.63218952262726,32.16847169549011
F4,7133.0,1075820.0,4305.0,8.627254509018035,24.9,24.02289590798585,-0.8771040920141502,0.8771040920141502,66.4745429728274,41.574542972827395,41.574542972827395,40.697438880813245
M1,2125.0,154476.0,22.0,0.0440881763527054,49.7,44.64819519703683,-5.051804802963176,5.051804802963176,40.69682530173833,-9.003174698261674,9.003174698261674,3.951369895298498
M0,3851.0,470232.0,147.0,0.2945891783567134,58.8,54.410069362164975,-4.389930637835022,4.389930637835022,55.72614119298234,-3.0738588070176576,3.0738588070176576,-1.3160718308173642
M0,3851.0,470232.0,418.0,0.8376753507014028,28.0,27.23340308539857,-0.766596914601422,0.766596914601422,18.963093342731327,-9.036906657268673,9.036906657268673,8.270309742667251
M0,3851.0,470232.0,1043.0,2.090180360721443,11.8,11.239026052654566,-0.5609739473454347,0.5609739473454347,1.5784394872844685,-10.221560512715532,10.221560512715532,9.660586565370098
M0,3851.0,470232.0,16819.0,33.705410821643284,0.7,0.3453178121305154,-0.3546821878694846,0.3546821878694846,8.817506784829954e-28,-0.7,0.7,0.3453178121305154
K6,4436.0,535113.0,17.0,0.034068136272545,96.7,94.88565056063888,-1.814349439361124,1.814349439361124,97.87703923475193,1.1770392347519305,1.1770392347519305,-0.6373102046091934
K6,4436.0,535113.0,230.0,0.4609218436873747,48.9,55.98754590208319,7.087545902083193,7.087545902083193,74.80265700003007,25.902657000030068,25.902657000030068,18.815111097946875
M2,3529.0,270101.0,39.0,0.0781563126252505,73.9,67.98973299348515,-5.910267006514857,5.910267006514857,72.08519002068434,-1.814809979315669,1.814809979315669,-4.095457027199188
M6,3033.0,276947.0,16.0,0.032064128256513,86.7,79.86265932726944,-6.837340672730562,6.837340672730562,82.50712440047889,-4.192875599521116,4.192875599521116,-2.644465073209446
M6,3033.0,276947.0,342.0,0.685370741482966,14.2,11.76025463563488,-2.43974536436512,2.43974536436512,1.640607776072613,-12.559392223927386,12.559392223927386,10.119646859562266
M6,3033.0,276947.0,14109.0,28.274549098196392,0.3,0.1038082203598845,-0.1961917796401154,0.1961917796401154,2.2967707957826794e-72,-0.3,0.3,0.1038082203598846
A8,8130.0,1364071.0,17.0,0.034068136272545,99.5,99.462087601661,-0.0379123983389888,0.0379123983389888,99.9497899295222,0.449789929522197,0.449789929522197,0.4118775311832082
A8,8130.0,1364071.0,205.0,0.4108216432865731,95.4,93.81356876663232,-1.5864312333676909,1.5864312333676909,99.3962037855149,3.9962037855148935,3.9962037855148935,2.409772552147203
A8,8130.0,1364071.0,889.0,1.781563126252505,81.2,77.0892132660749,-4.110786733925096,4.110786733925096,97.4078378984092,16.207837898409196,16.207837898409196,12.0970511644841
A8,8130.0,1364071.0,1683.0,3.372745490981964,66.9,63.032513383836914,-3.867486616163092,3.867486616163092,95.14953748561408,28.24953748561407,28.24953748561407,24.38205086945098
A8,8130.0,1364071.0,1848.0,3.703406813627255,64.3,60.63138078719724,-3.66861921280276,3.66861921280276,94.68685450789043,30.386854507890433,30.386854507890433,26.718235295087673
A8,8130.0,1364071.0,3257.0,6.527054108216433,46.8,45.00124067863006,-1.7987593213699355,1.7987593213699355,90.82634981832422,44.02634981832422,44.02634981832422,42.227590496954285
A8,8130.0,1364071.0,3567.0,7.148296593186373,43.9,42.43320603112622,-1.4667939688737803,1.4667939688737803,89.99833645643201,46.098336456432015,46.098336456432015,44.631542487558235
A8,8130.0,1364071.0,4859.0,9.7374749498998,34.7,33.91637116992093,-0.7836288300790741,0.7836288300790741,86.62790129883635,51.927901298836346,51.927901298836346,51.14427246875727
A8,8130.0,1364071.0,5816.0,11.655310621242483,29.8,29.25556222137048,-0.544437778629522,0.544437778629522,84.21301948750309,54.41301948750309,54.41301948750309,53.86858170887357
A8,8130.0,1364071.0,8119.0,16.27054108216433,22.1,21.49637481974728,-0.6036251802527275,0.6036251802527275,78.67398762642203,56.57398762642203,56.57398762642203,55.970362446169304
A7,8539.0,1421699.0,511.0,1.0240480961923848,88.7,87.26285865428734,-1.4371413457126607,1.4371413457126607,98.76205742455372,10.062057424553714,10.062057424553714,8.624916078841053
A7,8539.0,1421699.0,872.0,1.74749498997996,81.2,79.77516643316063,-1.424833566839368,1.424833566839368,97.89675178177355,16.696751781773543,16.696751781773543,15.271918214934175
A7,8539.0,1421699.0,1239.0,2.482965931863728,74.1,73.17718010965855,-0.9228198903414436,0.9228198903414436,97.02483539845818,22.924835398458185,22.924835398458185,22.00201550811674
A7,8539.0,1421699.0,3429.0,6.871743486973948,44.6,47.30272721224095,2.702727212240952,2.702727212240952,91.98092053821081,47.38092053821081,47.38092053821081,44.67819332596986
A7,8539.0,1421699.0,7181.0,14.390781563126252,24.4,27.327129647230446,2.927129647230448,2.927129647230448,83.94135133014345,59.54135133014345,59.54135133014345,56.614221682913
A7,8539.0,1421699.0,27060.0,54.22845691382766,6.7,6.151777486243459,-0.5482225137565413,0.5482225137565413,51.70354425779501,45.003544257795006,45.003544257795006,44.455321744038464
F1,7481.0,878028.0,168.0,0.3366733466933868,91.3,89.66942989412398,-1.6305701058760178,1.6305701058760178,98.27898100289973,6.9789810028997294,6.9789810028997294,5.348410897023712
F1,7481.0,878028.0,340.0,0.6813627254509018,82.9,80.77663144432289,-2.123368555677118,2.123368555677118,96.54766643704075,13.64766643704074,13.64766643704074,11.524297881363623
F1,7481.0,878028.0,1118.0,2.2404809619238475,53.4,54.02066119376572,0.62066119376572,0.62066119376572,89.0896774980847,35.6896774980847,35.6896774980847,35.06901630431898
F1,7481.0,878028.0,5561.0,11.144288577154308,14.0,14.545706118669276,0.5457061186692762,0.5457061186692762,56.290923064611974,42.290923064611974,42.290923064611974,41.7452169459427
F9,6262.0,837359.0,316.0,0.6332665330661322,78.7,77.07382683127135,-1.6261731687286556,1.6261731687286556,94.16171901580532,15.461719015805315,15.461719015805315,13.83554584707666
F9,6262.0,837359.0,414.0,0.8296593186372746,72.8,71.65829294709359,-1.141707052906412,1.141707052906412,92.42131183698841,19.62131183698841,19.62131183698841,18.479604784082
F9,6262.0,837359.0,745.0,1.4929859719438878,56.5,57.27043874582901,0.7704387458290114,0.7704387458290114,86.77734664684844,30.277346646848443,30.277346646848443,29.50690790101943
F9,6262.0,837359.0,1478.0,2.961923847695391,35.3,38.12773133667634,2.827731336676344,2.827731336676344,75.47529961805793,40.175299618057934,40.175299618057934,37.34756828138159
F9,6262.0,837359.0,4075.0,8.16633266533066,14.1,14.941093792477144,0.8410937924771442,0.8410937924771442,46.035750494079544,31.935750494079542,31.935750494079542,31.094656701602396
F9,6262.0,837359.0,15525.0,31.112224448897795,3.7,2.637651063227361,-1.062348936772639,1.062348936772639,5.205408586837769,1.5054085868377687,1.5054085868377687,0.4430596500651296
F3,7318.0,803365.0,1836.0,3.67935871743487,33.1,35.75281743776428,2.652817437764277,2.652817437764277,79.66793772699012,46.56793772699012,46.56793772699012,43.91512028922584
F3,7318.0,803365.0,625.0,1.25250501002004,65.7,65.16253617926613,-0.5374638207338762,0.5374638207338762,92.55407666319326,26.854076663193254,26.854076663193254,26.316612842459378
F6,6722.0,1013406.0,360.0,0.7214428857715431,83.7,80.9724352106346,-2.7275647893654025,2.7275647893654025,95.67409335950032,11.974093359500316,11.974093359500316,9.246528570134913
F6,6722.0,1013406.0,725.0,1.4529058116232465,69.3,67.0341554125593,-2.2658445874406965,2.2658445874406965,91.47911737568937,22.179117375689373,22.179117375689373,19.913272788248676
F6,6722.0,1013406.0,1256.0,2.5170340681362724,53.1,52.71616189930492,-0.3838381006950797,0.3838381006950797,85.70252943350567,32.60252943350567,32.60252943350567,32.21869133281059
F6,6722.0,1013406.0,1840.0,3.687374749498998,41.1,41.95489551859469,0.854895518594688,0.854895518594688,79.76967386345059,38.66967386345059,38.66967386345059,37.8147783448559
F6,6722.0,1013406.0,2985.0,5.981963927855712,27.7,28.956547540602514,1.256547540602515,1.256547540602515,69.30318542216908,41.603185422169076,41.603185422169076,40.346637881566565
F6,6722.0,1013406.0,7592.0,15.214428857715433,11.5,10.984437085163254,-0.515562914836746,0.515562914836746,39.352678257501495,27.852678257501495,27.852678257501495,27.33711534266475
A9,7808.0,1453773.0,2090.0,4.188376753507014,60.9,58.26778980259297,-2.6322101974070264,2.6322101974070264,93.8871177514068,32.98711775140681,32.98711775140681,30.35490755399978
A9,7808.0,1453773.0,10797.0,21.6372745490982,17.1,16.56913289781516,-0.5308671021848426,0.5308671021848426,72.19079837547788,55.09079837547788,55.09079837547788,54.55993127329304
A7,8652.0,1166987.0,279.0,0.5591182364729459,91.7,90.67149430526824,-1.0285056947317486,1.0285056947317486,99.14862012741655,7.448620127416547,7.448620127416547,6.420114432684798
A7,8652.0,1166987.0,583.0,1.168336673346693,83.1,82.0183682566459,-1.0816317433540945,1.0816317433540945,98.22920146751379,15.129201467513795,15.129201467513795,14.0475697241597
A7,8652.0,1166987.0,1288.0,2.5811623246492985,65.7,66.41954439840246,0.7195443984024621,0.7195443984024621,96.12967610347918,30.42967610347918,30.42967610347918,29.71013170507672
A7,8652.0,1166987.0,2629.0,5.268537074148297,43.8,47.38320757506638,3.583207575066382,3.583207575066382,92.25917341143982,48.45917341143982,48.45917341143982,44.87596583637344
A7,8652.0,1166987.0,5567.0,11.156312625250502,23.6,27.127329125815,3.527329125814997,3.527329125814997,84.31532349468114,60.71532349468114,60.71532349468114,57.18799436886614
K7,4351.0,452208.0,53.0,0.1062124248496994,82.7,82.2655599684607,-0.434440031539296,0.434440031539296,91.96340681388335,9.26340681388335,9.26340681388335,8.828966782344054
F5,6855.0,855551.0,411.0,0.8236472945891784,77.2,74.65902958160834,-2.540970418391666,2.540970418391666,94.34295030225869,17.142950302258683,17.142950302258683,14.601979883867017
F5,6855.0,855551.0,1975.0,3.957915831663328,32.4,33.97990020805854,1.5799002080585396,1.5799002080585396,75.59098442940709,43.19098442940709,43.19098442940709,41.61108422134855
M7,2875.0,269615.0,153.0,0.3066132264529058,27.6,22.96907017530108,-4.630929824698928,4.630929824698928,11.918183663137304,-15.681816336862697,15.681816336862697,11.05088651216377
A2,10059.0,1401588.0,68.0,0.1362725450901803,98.7,98.5472678951404,-0.1527321048596093,0.1527321048596093,99.89823934911006,1.1982393491100538,1.1982393491100538,1.0455072442504445
A2,10059.0,1401588.0,353.0,0.7074148296593187,94.0,92.81582085928488,-1.1841791407151303,1.1841791407151303,99.47286778554249,5.4728677855424905,5.4728677855424905,4.28868864482736
A2,10059.0,1401588.0,633.0,1.2685370741482966,89.4,87.69404984806404,-1.7059501519359657,1.7059501519359657,99.05672279196025,9.656722791960249,9.656722791960249,7.950772640024283
A2,10059.0,1401588.0,1303.0,2.6112224448897794,78.8,77.14400621336422,-1.6559937866357757,1.6559937866357757,98.06800058268814,19.268000582688146,19.268000582688146,17.61200679605237
A2,10059.0,1401588.0,1848.0,3.703406813627255,71.0,69.99887369306062,-1.0011263069393834,1.0011263069393834,97.27102477051749,26.271024770517485,26.271024770517485,25.2698984635781
A2,10059.0,1401588.0,2447.0,4.903807615230461,63.4,63.31012207896895,-0.0898779210310536,0.0898779210310536,96.40255178064938,33.00255178064938,33.00255178064938,32.91267385961832
A2,10059.0,1401588.0,3574.0,7.162324649298597,51.8,53.22981698134807,1.4298169813480683,1.4298169813480683,94.7895104287869,42.9895104287869,42.9895104287869,41.55969344743883
A2,10059.0,1401588.0,4395.0,8.807615230460922,45.3,47.42466508379698,2.124665083796984,2.124665083796984,93.63145606409876,48.33145606409876,48.33145606409876,46.206790980301776
A2,10059.0,1401588.0,6173.0,12.370741482965933,35.0,37.87878417717307,2.878784177173067,2.878784177173067,91.17178112454323,56.17178112454323,56.17178112454323,53.29299694737016
A7,8556.0,1126119.0,499.0,1.0,86.0,83.31207339050366,-2.687926609496344,2.687926609496344,98.35683917611156,12.356839176111563,12.356839176111563,9.66891256661522
A7,8556.0,1126119.0,910.0,1.8236472945891784,75.4,72.70587782456822,-2.6941221754317866,2.6941221754317866,97.02375129074363,21.623751290743627,21.623751290743627,18.92962911531184
A7,8556.0,1126119.0,989.0,1.9819639278557115,73.5,70.9179964380723,-2.5820035619277064,2.5820035619277064,96.76959083743228,23.269590837432276,23.269590837432276,20.68758727550457
A7,8556.0,1126119.0,3196.0,6.404809619238477,39.0,39.94882756101141,0.948827561011413,0.948827561011413,89.93207214967481,50.93207214967481,50.93207214967481,49.983244588663396
A7,8556.0,1126119.0,4794.0,9.607214428857716,27.9,29.126388882559457,1.2263888825594584,1.2263888825594584,85.28485204042597,57.384852040425976,57.384852040425976,56.15846315786652
B8,13673.0,2492968.0,1379.0,2.7635270541082164,93.8,93.53732450319076,-0.2626754968092513,0.2626754968092513,99.71506944679767,5.915069446797673,5.915069446797673,5.652393949988422
B8,13673.0,2492968.0,3548.0,7.110220440881764,84.4,84.65711878202917,0.2571187820291669,0.2571187820291669,99.26855001498353,14.868550014983526,14.868550014983526,14.61143123295436
B8,13673.0,2492968.0,6359.0,12.743486973947896,73.3,75.03362515351002,1.733625153510019,1.733625153510019,98.69283927899367,25.392839278993677,25.392839278993677,23.659214125483658
B8,13673.0,2492968.0,8697.0,17.428857715430862,65.1,68.31031963750814,3.210319637508149,3.210319637508149,98.21654617821714,33.11654617821715,33.11654617821715,29.906226540709
B8,13673.0,2492968.0,16095.0,32.254509018036075,46.2,52.39338307829992,6.193383078299917,6.193383078299917,96.72453038294468,50.524530382944675,50.524530382944675,44.33114730464476
F7,6557.0,1110705.0,293.0,0.5871743486973948,86.5,85.40213958096827,-1.0978604190317327,1.0978604190317327,96.5843086508711,10.084308650871094,10.084308650871094,8.986448231839361
F7,6557.0,1110705.0,660.0,1.3226452905811623,71.5,71.47894141135878,-0.0210585886412246,0.0210585886412246,92.47006433743941,20.97006433743941,20.97006433743941,20.949005748798186
F7,6557.0,1110705.0,1306.0,2.617234468937876,51.7,54.4549742659386,2.7549742659385927,2.7549742659385927,85.64923871047438,33.949238710474376,33.949238710474376,31.194264444535783
F7,6557.0,1110705.0,1657.0,3.32064128256513,44.2,47.79388487179998,3.593884871799979,3.593884871799979,82.15657120355111,37.95657120355111,37.95657120355111,34.36268633175113
F7,6557.0,1110705.0,3413.0,6.839679358717435,24.4,28.158337748047074,3.758337748047076,3.758337748047076,66.70905453079531,42.309054530795315,42.309054530795315,38.55071678274824
F7,6557.0,1110705.0,5663.0,11.348697394789578,15.2,17.198301316178448,1.9983013161784484,1.9983013161784484,51.083382723374285,35.88338272337428,35.88338272337428,33.885081407195834
A9,8046.0,869284.0,513.0,1.028056112224449,78.6,74.95721576473495,-3.64278423526504,3.64278423526504,97.17715429921392,18.57715429921393,18.57715429921393,14.93437006394889
A9,8046.0,869284.0,537.0,1.0761523046092183,77.7,74.04129084049667,-3.6587091595033314,3.6587091595033314,97.04706025823171,19.347060258231707,19.347060258231707,15.688351098728376
A9,8046.0,869284.0,1849.0,3.7054108216432864,42.9,42.31758427344262,-0.5824157265573788,0.5824157265573788,90.19401226495125,47.294012264951256,47.294012264951256,46.71159653839388
M2,3642.0,490666.0,4.0,0.0080160320641282,98.3,97.7596009160853,-0.5403990839146928,0.5403990839146928,98.21767588651096,-0.08232411348903668,0.08232411348903668,-0.45807497042565615
M2,3642.0,490666.0,171.0,0.342685370741483,52.4,47.93568875525485,-4.464311244745147,4.464311244745147,46.35618386305374,-6.043816136946262,6.043816136946262,1.5795048922011148
M2,3642.0,490666.0,461.0,0.9238476953907816,24.4,23.17704594819149,-1.2229540518085074,1.2229540518085074,12.5851251278163,-11.8148748721837,11.8148748721837,10.591920820375192
M0,2228.0,144275.0,3.0,0.0060120240480961,91.0,86.6461374468682,-4.353862553131805,4.353862553131805,88.65325685637728,-2.3467431436227173,2.3467431436227173,-2.0071194095090874
M0,2228.0,144275.0,26.0,0.0521042084168336,43.2,39.996264717029874,-3.203735282970129,3.203735282970129,35.21172942078316,-7.988270579216845,7.988270579216845,4.784535296246716
M0,2228.0,144275.0,160.0,0.3206412825651302,8.0,7.243075183820582,-0.756924816179418,0.756924816179418,0.16232437103895914,-7.8376756289610405,7.8376756289610405,7.0807508127816225
G9,5341.0,596243.0,24.0,0.0480961923847695,96.8,96.325804663488,-0.474195336512011,0.474195336512011,98.57904052956626,1.7790405295662595,1.7790405295662595,1.3048451930542484
G9,5341.0,596243.0,122.0,0.2444889779559118,84.4,83.49606040255622,-0.9039395974437808,0.9039395974437808,92.98330595370963,8.583305953709626,8.583305953709626,7.679366356265845
G9,5341.0,596243.0,2343.0,4.695390781563126,12.9,16.792020838641026,3.8920208386410255,3.8920208386410255,24.7297821773878,11.8297821773878,11.8297821773878,7.937761338746775
G9,5341.0,596243.0,9664.0,19.36673346693387,3.1,3.353794501899031,0.2537945018990308,0.2537945018990308,0.31423915932148744,-2.785760840678513,2.785760840678513,2.531966338779482
M0,3910.0,413438.0,22.0,0.0440881763527054,90.4,88.59160597377975,-1.808394026220256,1.808394026220256,91.03758342957283,0.6375834295728282,0.6375834295728282,-1.1708105966474278
M0,3910.0,413438.0,2694.0,5.398797595190381,3.6,3.291086975920754,-0.3089130240792461,0.3089130240792461,0.0010148267855505028,-3.5989851732144498,3.5989851732144498,3.2900721491352036
M2,3635.0,281533.0,21.0,0.0420841683366733,85.1,81.89692382004506,-3.203076179954934,3.203076179954934,85.51313743339583,0.413137433395832,0.413137433395832,-2.789938746559102
M2,3635.0,281533.0,103.0,0.2064128256513026,45.6,45.8290654482201,0.2290654482200977,0.2290654482200977,46.41274626867193,0.8127462686719298,0.8127462686719298,0.5836808204518321
M2,3635.0,281533.0,3672.0,7.35871743486974,1.5,1.0597458100886306,-0.4402541899113694,0.4402541899113694,1.3045379838497214e-10,-1.4999999998695461,1.4999999998695461,1.0597458099581767
M2,3635.0,281533.0,24647.0,49.39278557114229,0.2,0.0839606402093519,-0.1160393597906481,0.1160393597906481,1.695160340481348e-78,-0.2,0.2,0.08396064020935191
G5,5729.0,718920.0,1017.0,2.038076152304609,31.7,46.39792499905785,14.69792499905785,14.69792499905785,67.26022589062217,35.56022589062216,35.56022589062216,20.862300891564313
G5,5729.0,718920.0,5938.0,11.899799599198396,5.9,10.058041953511134,4.158041953511134,4.158041953511134,9.870187021629897,3.970187021629897,3.970187021629897,-0.1878549318812368
M1,2022.0,109022.0,15.0,0.0300601202404809,44.8,43.39293411750085,-1.4070658824991469,1.4070658824991469,40.335217132272184,-4.464782867727813,4.464782867727813,3.057716985228666
M1,2022.0,109022.0,43.0,0.0861723446893787,18.6,18.74619429193795,0.1461942919379488,0.1461942919379488,7.4067657724027836,-11.193234227597218,11.193234227597218,11.047039935659269
M1,2022.0,109022.0,97.0,0.1943887775551102,8.5,7.914253889254644,-0.5857461107453563,0.5857461107453563,0.2818982942619729,-8.218101705738027,8.218101705738027,7.632355594992671
F6,6837.0,860526.0,156.0,0.312625250501002,90.9,88.9842360172906,-1.9157639827094075,1.9157639827094075,97.8112729526232,6.911272952623193,6.911272952623193,4.995508969913786
F6,6837.0,860526.0,1049.0,2.102204408817636,51.6,51.77485533652949,0.1748553365294824,0.1748553365294824,86.17307439286718,34.57307439286718,34.57307439286718,34.398219056337695
K4,4764.0,634758.0,63.0,0.12625250501002,89.6,87.94748737551039,-1.652512624489603,1.652512624489603,94.75541677787459,5.155416777874592,5.155416777874592,3.502904153384989
K4,4764.0,634758.0,190.0,0.3807615230460922,70.8,70.0968098025363,-0.703190197463698,0.703190197463698,85.004276286695,14.204276286695006,14.204276286695006,13.501086089231308
K4,4764.0,634758.0,130.0,0.2605210420841683,65.7,77.65967270547984,11.959672705479832,11.959672705479832,89.4793117524061,23.7793117524061,23.7793117524061,11.81963904692627
K4,4764.0,634758.0,362.0,0.7254509018036072,52.0,54.21783567736251,2.2178356773625083,2.2178356773625083,73.37803991339989,21.37803991339989,21.37803991339989,19.16020423603738
K4,4764.0,634758.0,1004.0,2.012024048096192,23.4,27.638770459828866,4.238770459828867,4.238770459828867,42.378950395136805,18.978950395136806,18.978950395136806,14.740179935307939
K4,4764.0,634758.0,1183.0,2.370741482965932,20.1,24.01773884476584,3.91773884476584,3.91773884476584,36.36436249049145,16.26436249049145,16.26436249049145,12.34662364572561
K4,4764.0,634758.0,3584.0,7.182364729458918,6.8,7.681218723976155,0.8812187239761551,0.8812187239761551,4.666918134885789,-2.133081865114211,2.133081865114211,1.251863141138056
K4,4764.0,634758.0,8326.0,16.685370741482966,2.9,2.770961509499527,-0.1290384905004731,0.1290384905004731,0.0809134003197001,-2.8190865996802996,2.8190865996802996,2.6900481091798265
K4,4764.0,634758.0,23478.0,47.0501002004008,1.0,0.7259186512979439,-0.2740813487020561,0.2740813487020561,1.9103277163938065e-07,-0.9999998089672284,0.9999998089672284,0.7259184602651723
K9,4123.0,501496.0,18.0,0.0360721442885771,95.3,93.04756873955613,-2.2524312604438705,2.2524312604438705,97.05728748193586,1.7572874819358617,1.7572874819358617,-0.49514377850800884
K9,4123.0,501496.0,75.0,0.1503006012024048,82.3,75.74414989205886,-6.55585010794114,6.55585010794114,88.2979505778987,5.997950577898706,5.997950577898706,-0.5578995300424339
K9,4123.0,501496.0,117.0,0.2344689378757515,73.5,66.25826432942641,-7.24173567057359,7.24173567057359,82.35367284607648,8.853672846076478,8.853672846076478,1.611937175502888
K9,4123.0,501496.0,637.0,1.276553106212425,25.3,23.28908906590968,-2.010910934090319,2.010910934090319,34.74886546835881,9.448865468358807,9.448865468358807,7.4379545342684885
K9,4123.0,501496.0,858.0,1.719438877755511,19.2,17.623840330392007,-1.5761596696079927,1.5761596696079927,24.08103416495326,4.88103416495326,4.88103416495326,3.304874495345267
K9,4123.0,501496.0,1339.0,2.6833667334669338,12.5,11.122654720617955,-1.3773452793820429,1.3773452793820429,10.84022924184675,-1.6597707581532504,1.6597707581532504,0.2824254787712075
K9,4123.0,501496.0,4495.0,9.008016032064129,3.7,2.643634869409208,-1.0563651305907924,1.0563651305907924,0.05762895003503765,-3.6423710499649626,3.6423710499649626,2.5860059193741702
F2,7342.0,878508.0,23.0,0.0460921843687374,98.7,98.437509649024,-0.2624903509759946,0.2624903509759946,99.74731825843082,1.0473182584308205,1.0473182584308205,0.7848279074548259
F2,7342.0,878508.0,110.0,0.220440881763527,93.4,92.87129816713488,-0.5287018328651385,0.5287018328651385,98.79728387774861,5.397283877748606,5.397283877748606,4.868582044883468
F2,7342.0,878508.0,143.0,0.2865731462925852,91.5,90.89252174195356,-0.6074782580464415,0.6074782580464415,98.4392977235474,6.939297723547398,6.939297723547398,6.331819465500956
F2,7342.0,878508.0,291.0,0.5831663326653307,83.2,82.80575105548574,-0.3942489445142598,0.3942489445142598,96.84967107241972,13.649671072419721,13.649671072419721,13.255422127905462
M4,3297.0,337095.0,66.0,0.1322645290581162,64.6,57.07734538259695,-7.522654617403049,7.522654617403049,58.132546346764,-6.467453653235992,6.467453653235992,-1.0552009641670566
M4,3297.0,337095.0,328.0,0.657314629258517,20.3,17.996072639817534,-2.303927360182467,2.303927360182467,6.748939582851763,-13.551060417148237,13.551060417148237,11.24713305696577
M4,3297.0,337095.0,599.0,1.2004008016032064,11.4,9.579638556865078,-1.8203614431349229,1.8203614431349229,0.7276576500190183,-10.672342349980982,10.672342349980982,8.851980906846059
M1,3705.0,509389.0,196.0,0.3927855711422846,55.3,46.37802706302134,-8.921972936978655,8.921972936978655,44.41001910050922,-10.88998089949078,10.88998089949078,1.9680079625121252
M5,3104.0,218531.0,10.0,0.0200400801603206,89.0,83.92180991002988,-5.078190089970121,5.078190089970121,86.86348393799432,-2.1365160620056827,2.1365160620056827,-2.9416740279644387
M5,3104.0,218531.0,66.0,0.1322645290581162,47.5,41.57849401357189,-5.921505986428116,5.921505986428116,39.47533382800126,-8.024666171998739,8.024666171998739,2.103160185570623
M5,3104.0,218531.0,71.0,0.1422845691382765,45.0,39.62776455830455,-5.372235441695452,5.372235441695452,36.79124068070516,-8.208759319294842,8.208759319294842,2.83652387759939
M5,3104.0,218531.0,107.0,0.2144288577154308,33.1,29.26198535752572,-3.838014642474281,3.838014642474281,22.159426294454075,-10.940573705545926,10.940573705545926,7.102559063071645
M5,3104.0,218531.0,205.0,0.4108216432865731,18.5,16.22119628193172,-2.2788037180682785,2.2788037180682785,5.573955600203658,-12.926044399796343,12.926044399796343,10.647240681728064
M5,3104.0,218531.0,8128.0,16.288577154308616,0.4,0.1659493581404582,-0.2340506418595417,0.2340506418595417,1.936029816269025e-48,-0.4,0.4,0.16594935814045833
M1,3714.0,428602.0,28.0,0.0561122244488977,86.5,84.75396549379411,-1.7460345062058875,1.7460345062058875,87.41347063942175,0.913470639421746,0.913470639421746,-0.8325638667841415
M1,3714.0,428602.0,118.0,0.2364729458917835,55.0,55.36275704908921,0.3627570490892111,0.3627570490892111,56.72761601385654,1.7276160138565402,1.7276160138565402,1.364858964767329
M1,3714.0,428602.0,492.0,0.9859719438877756,17.3,20.003466778939323,2.7034667789393225,2.7034667789393225,9.406940355867327,-7.8930596441326735,7.8930596441326735,5.189592865193351
M1,3714.0,428602.0,768.0,1.5390781563126252,11.2,12.80902551699364,1.6090255169936416,1.6090255169936416,2.4979168366868105,-8.702083163313189,8.702083163313189,7.093057646319547
M1,3714.0,428602.0,2385.0,4.779559118236473,3.6,3.436335910887269,-0.1636640891127312,0.1636640891127312,0.001056156990587124,-3.598943843009413,3.598943843009413,3.435279753896682
M1,3714.0,428602.0,6034.0,12.092184368737476,1.4,1.0492119398288966,-0.3507880601711033,0.3507880601711033,2.5712089640830855e-11,-1.3999999999742878,1.3999999999742878,1.0492119398031845
K0,5188.0,815981.0,1262.0,2.529058116232465,30.1,35.017238783806114,4.917238783806113,4.917238783806113,53.1120937295281,23.012093729528097,23.012093729528097,18.094854945721984
G5,5729.0,718920.0,989.0,1.9819639278557115,32.4,47.15711195664328,14.757111956643278,14.757111956643278,67.99867839951025,35.598678399510256,35.598678399510256,20.841566442866977
G5,5729.0,718920.0,5939.0,11.901803607214427,5.9,10.0561701781154,4.156170178115401,4.156170178115401,9.8663386793867,3.9663386793867,3.9663386793867,-0.18983149872870086
K0,5201.0,711524.0,477.0,0.9559118236472944,54.3,57.42402490131054,3.124024901310541,3.124024901310541,76.19212738704503,21.892127387045036,21.892127387045036,18.768102485734495
K0,5201.0,711524.0,563.0,1.128256513026052,49.0,53.02739614131581,4.027396141315812,4.027396141315812,72.54696664250608,23.546966642506078,23.546966642506078,19.519570501190266
G9,5341.0,596243.0,22.0,0.0440881763527054,96.8,96.6229686819064,-0.1770313180936114,0.1770313180936114,98.69667863815232,1.8966786381523235,1.8966786381523235,1.7196473200587121
G9,5341.0,596243.0,119.0,0.2384769539078156,84.4,83.84402690514094,-0.5559730948590698,0.5559730948590698,93.14979635822623,8.74979635822622,8.74979635822622,8.19382326336715
G9,5341.0,596243.0,2339.0,4.687374749498998,12.9,16.82047549493495,3.9204754949349496,3.9204754949349496,24.788839368324396,11.888839368324396,11.888839368324396,7.968363873389446
G9,5341.0,596243.0,9661.0,19.36072144288577,3.1,3.355089013653509,0.2550890136535089,0.2550890136535089,0.3148018173622376,-2.7851981826377625,2.7851981826377625,2.5301091689842536
G9,5341.0,596243.0,10618.0,21.27855711422845,2.8,2.982134670853894,0.1821346708538942,0.1821346708538942,0.17790888238386438,-2.6220911176161357,2.6220911176161357,2.4399564467622414
M0,2228.0,144275.0,2.0,0.0040080160320641,91.0,90.73514793410934,-0.2648520658906648,0.2648520658906648,92.28471951980411,1.2847195198041135,1.2847195198041135,1.0198674539134487
M0,2228.0,144275.0,25.0,0.0501002004008016,43.2,41.04360275935651,-2.156397240643493,2.156397240643493,36.65409132874349,-6.545908671256512,6.545908671256512,4.38951143061302
M0,2228.0,144275.0,160.0,0.3206412825651302,8.0,7.243075183820582,-0.756924816179418,0.756924816179418,0.16232437103895914,-7.8376756289610405,7.8376756289610405,7.0807508127816225
M2,3642.0,490666.0,3.0,0.0060120240480961,98.3,98.31146279057256,0.0114627905725512,0.0114627905725512,98.66025643706882,0.36025643706882704,0.36025643706882704,0.34879364649627587
M2,3642.0,490666.0,76.0,0.1523046092184369,74.8,68.62379985029504,-6.176200149704954,6.176200149704954,71.05643456528044,-3.7435654347195566,3.7435654347195566,-2.4326347149853973
M2,3642.0,490666.0,171.0,0.342685370741483,52.4,47.93568875525485,-4.464311244745147,4.464311244745147,46.35618386305374,-6.043816136946262,6.043816136946262,1.5795048922011148
M2,3642.0,490666.0,459.0,0.9198396793587176,24.5,23.267221373439178,-1.2327786265608225,1.2327786265608225,12.698800816948081,-11.801199183051919,11.801199183051919,10.568420556491096
K4,4764.0,634758.0,62.0,0.1242484969939879,89.6,88.11881846712063,-1.4811815328793614,1.4811815328793614,94.83647659810877,5.23647659810878,5.23647659810878,3.7552950652294186
K4,4764.0,634758.0,189.0,0.3787575150300601,70.8,70.21225547772242,-0.5877445222775748,0.5877445222775748,85.07699436012282,14.276994360122828,14.276994360122828,13.689249837845253
K4,4764.0,634758.0,230.0,0.4609218436873747,65.7,65.7357448998101,0.0357448998100977,0.0357448998100977,82.1459582930845,16.4459582930845,16.4459582930845,16.410213393274404
K4,4764.0,634758.0,362.0,0.7254509018036072,52.0,54.21783567736251,2.2178356773625083,2.2178356773625083,73.37803991339989,21.37803991339989,21.37803991339989,19.16020423603738
K4,4764.0,634758.0,1003.0,2.0100200400801604,23.4,27.66163489864669,4.26163489864669,4.26163489864669,42.4152040492028,19.0152040492028,19.0152040492028,14.75356915055611
K4,4764.0,634758.0,1182.0,2.3687374749499,20.1,24.03564770954799,3.9356477095479896,3.9356477095479896,36.395470882883636,16.295470882883635,16.295470882883635,12.359823173335645
K4,4764.0,634758.0,3583.0,7.180360721442886,6.8,7.683684063478205,0.8836840634782055,0.8836840634782055,4.670910513980573,-2.129089486019427,2.129089486019427,1.2454054225412214
K4,4764.0,634758.0,8326.0,16.685370741482966,2.9,2.770961509499527,-0.1290384905004731,0.1290384905004731,0.0809134003197001,-2.8190865996802996,2.8190865996802996,2.6900481091798265
K4,4764.0,634758.0,23476.0,47.04609218436874,1.0,0.7260001308006407,-0.2739998691993592,0.2739998691993592,1.913597546471619e-07,-0.9999998086402454,0.9999998086402454,0.7259999394408863
M0,3980.0,483146.0,117.0,0.2344689378757515,63.7,63.13100381948613,-0.5689961805138708,0.5689961805138708,66.28047501757695,2.580475017576944,2.580475017576944,2.0114788370630734
M0,3980.0,483146.0,652.0,1.3066132264529058,17.6,20.24364344204741,2.643643442047413,2.643643442047413,10.107519978775006,-7.492480021224996,7.492480021224996,4.848836579177583
M0,3980.0,483146.0,1500.0,3.006012024048096,7.8,8.487218509843895,0.6872185098438957,0.6872185098438957,0.5129463595798861,-7.287053640420114,7.287053640420114,6.599835130576218
M0,3980.0,483146.0,1516.0,3.038076152304609,7.7,8.38558630332674,0.6855863033267395,0.6855863033267395,0.4848931542479655,-7.215106845752035,7.215106845752035,6.529520542425296
M2,3674.0,436008.0,85.0,0.1703406813627254,70.4,63.56524808308509,-6.834751916914918,6.834751916914918,66.05491768207669,-4.345082317923314,4.345082317923314,-2.489669598991604
M2,3674.0,436008.0,161.0,0.3226452905811623,51.9,46.77486938795164,-5.125130612048359,5.125130612048359,45.5910061975083,-6.308993802491699,6.308993802491699,1.1838631904433399
M2,3674.0,436008.0,2764.0,5.539078156312625,3.9,2.83154703540241,-1.06845296459759,1.06845296459759,0.00013923211336361853,-3.8998607678866364,3.8998607678866364,2.8314078032890464
F2,7342.0,878508.0,18.0,0.0360721442885771,98.7,98.7737930252424,0.0737930252424092,0.0737930252424092,99.80219470294932,1.102194702949319,1.102194702949319,1.0284016777069098
F2,7342.0,878508.0,109.0,0.218436873747495,93.4,92.93235094243404,-0.4676490575659642,0.4676490575659642,98.80815224204905,5.4081522420490415,5.4081522420490415,4.940503184483077
F2,7342.0,878508.0,142.0,0.2845691382765531,91.5,90.95147535102564,-0.5485246489743645,0.5485246489743645,98.45012670696828,6.950126706968277,6.950126706968277,6.401602057993912
F2,7342.0,878508.0,289.0,0.5791583166332666,83.2,82.9071456880599,-0.2928543119401041,0.2928543119401041,96.87098047208482,13.670980472084821,13.670980472084821,13.378126160144717
F2,7342.0,878508.0,13680.0,27.41482965931864,5.0,4.556289950753033,-0.4437100492469668,0.4437100492469668,22.205969325314594,17.205969325314594,17.205969325314594,16.762259276067628
M0,2375.0,131894.0,18.0,0.0360721442885771,48.9,49.93886844720232,1.0388684472023255,1.0388684472023255,49.67650646247466,0.7765064624746643,0.7765064624746643,-0.26236198472766126
M9,2418.0,132710.0,21.0,0.0420841683366733,46.1,46.66793725264953,0.5679372526495285,0.5679372526495285,45.5975669894758,-0.5024330105242001,0.5024330105242001,-0.06550424212532846
M9,2418.0,132710.0,118.0,0.2364729458917835,10.0,10.60683139516098,0.6068313951609792,0.6068313951609792,1.2122076017338062,-8.787792398266195,8.787792398266195,8.180961003105216
M2,3652.0,268152.0,18.0,0.0360721442885771,85.4,83.56597484842831,-1.8340251515716943,1.8340251515716943,87.08096551137061,1.6809655113706015,1.6809655113706015,-0.15305964020109286
M2,3652.0,268152.0,40.0,0.0801603206412825,70.5,69.01524617191657,-1.4847538280834272,1.4847538280834272,73.53533566993889,3.0353356699388883,3.0353356699388883,1.550581841855461
M2,3652.0,268152.0,245.0,0.4909819639278557,20.7,23.337024627481224,2.637024627481225,2.637024627481225,15.215579065192964,-5.484420934807035,5.484420934807035,2.8473963073258104
M4,3303.0,273155.0,35.0,0.0701402805611222,73.7,67.44354496373539,-6.256455036264612,6.256455036264612,70.75081324567121,-2.9491867543287924,2.9491867543287924,-3.3072682819358192
M4,3303.0,273155.0,67.0,0.1342685370741483,56.0,50.91650574113151,-5.083494258868491,5.083494258868491,51.56357676658481,-4.436423233415191,4.436423233415191,-0.6470710254533003
M4,3303.0,273155.0,603.0,1.2084168336673349,8.5,7.442676758940146,-1.057323241059854,1.057323241059854,0.2576839182240449,-8.242316081775956,8.242316081775956,7.1849928407161014
M2,3580.0,245152.0,66.0,0.1322645290581162,53.6,53.02847909578696,-0.5715209042130382,0.5715209042130382,55.92476064239792,2.3247606423979192,2.3247606423979192,1.753239738184881
M0,3963.0,437173.0,212.0,0.4248496993987976,46.7,44.369744752079285,-2.330255247920718,2.330255247920718,43.774379694575366,-2.925620305424637,2.925620305424637,0.5953650575039191
M0,3963.0,437173.0,438.0,0.8777555110220441,26.2,26.073122082026423,-0.1268779179735766,0.1268779179735766,18.144582613671247,-8.055417386328752,8.055417386328752,7.928539468355176
M0,3963.0,437173.0,2549.0,5.108216432865731,4.7,3.9488551648900376,-0.7511448351099625,0.7511448351099625,0.004854876817353671,-4.695145123182646,4.695145123182646,3.944000288072684
M0,3963.0,437173.0,11973.0,23.993987975951903,1.0,0.5389282195056925,-0.4610717804943075,0.4610717804943075,5.462504750438109e-19,-1.0,1.0,0.5389282195056925
M4,3267.0,431490.0,17.0,0.034068136272545,91.2,87.44999887893827,-3.750001121061729,3.750001121061729,89.18165447434343,-2.0183455256565708,2.0183455256565708,-1.731655595405158
M4,3267.0,431490.0,48.0,0.096192384769539,77.6,70.54479427640463,-7.055205723595364,7.055205723595364,72.37715074981506,-5.222849250184936,5.222849250184936,-1.832356473410428
M4,3267.0,431490.0,72.0,0.1442885771543086,68.3,60.983053498019096,-7.316946501980901,7.316946501980901,61.57468851148877,-6.725311488511224,6.725311488511224,-0.5916350134696771
M4,3267.0,431490.0,290.0,0.5811623246492986,27.7,25.10457718508597,-2.595422814914027,2.595422814914027,14.182701286263155,-13.517298713736844,13.517298713736844,10.921875898822817
M4,3267.0,431490.0,577.0,1.156312625250501,14.6,12.92595470701817,-1.6740452929818304,1.6740452929818304,2.052545623321988,-12.547454376678012,12.547454376678012,10.873409083696181
M4,3267.0,431490.0,730.0,1.4629258517034067,11.6,10.024266131735152,-1.5757338682648463,1.5757338682648463,0.7324408269506052,-10.867559173049395,10.867559173049395,9.291825304784549
M2,3660.0,280862.0,9.0,0.0180360721442885,93.1,91.56963632204943,-1.530363677950561,1.530363677950561,93.61913045744753,0.5191304574475311,0.5191304574475311,-1.0112332205030299
M2,3660.0,280862.0,12.0,0.0240480961923847,91.0,89.02991018622757,-1.9700898137724323,1.9700898137724323,91.58397110602908,0.5839711060290824,0.5839711060290824,-1.3861187077433499
M2,3660.0,280862.0,38.0,0.0761523046092184,74.5,71.30525464962375,-3.194745350376252,3.194745350376252,75.69984506624562,1.199845066245615,1.199845066245615,-1.9949002841306371
M2,3660.0,280862.0,88.0,0.1763527054108216,50.9,50.46985107077231,-0.4301489292276912,0.4301489292276912,52.48188823030865,1.5818882303086497,1.5818882303086497,1.1517393010809585
M2,3660.0,280862.0,272.0,0.5450901803607214,20.5,22.28884486069593,1.7888448606959315,1.7888448606959315,13.632473741137478,-6.867526258862522,6.867526258862522,5.078681398166591
M2,3660.0,280862.0,894.0,1.7915831663326651,6.4,6.339177359098374,-0.0608226409016259,0.0608226409016259,0.14307065624110288,-6.256929343758897,6.256929343758897,6.196106702857271
M2,3660.0,280862.0,2194.0,4.396793587174349,2.6,2.097355088432894,-0.5026449115671054,0.5026449115671054,1.0455060846322014e-05,-2.5999895449391537,2.5999895449391537,2.0973446333720482
M2,3660.0,280862.0,5458.0,10.937875751503006,1.0,0.6407874923979718,-0.3592125076020281,0.3592125076020281,4.3074733831938345e-16,-0.9999999999999996,0.9999999999999996,0.6407874923979715
M1,2102.0,88177.0,3.0,0.0060120240480961,80.7,77.92336031374688,-2.7766396862531195,2.7766396862531195,81.3276637529091,0.6276637529091005,0.6276637529091005,-2.148975933344019
M1,2102.0,88177.0,4.0,0.0080160320641282,72.5,72.37396075003514,-0.1260392499648617,0.1260392499648617,75.91327520464971,3.4132752046497075,3.4132752046497075,3.2872359546848458
M1,2102.0,88177.0,12.0,0.0240480961923847,42.7,44.8147997774973,2.1147997774972964,2.1147997774972964,43.74749469252459,1.0474946925245874,1.0474946925245874,-1.067305084972709
M1,2102.0,88177.0,335.0,0.6713426853707415,1.9,1.3876135800302485,-0.5123864199697514,0.5123864199697514,9.475667379549594e-09,-1.8999999905243325,1.8999999905243325,1.3876135705545811
M1,2102.0,88177.0,1196.0,2.396793587174349,0.5,0.2586315704658105,-0.2413684295341894,0.2413684295341894,1.6405934912580434e-34,-0.5,0.5,0.2586315704658106
M1,2102.0,88177.0,6122.0,12.268537074148297,0.1,0.0287739925184514,-0.0712260074815485,0.0712260074815485,6.703232796448476e-182,-0.1,0.1,0.028773992518451502
M1,2056.0,147670.0,2.0,0.0040080160320641,89.4,89.98418312415231,0.5841831241523039,0.5841831241523039,91.41587255984321,2.015872559843203,2.015872559843203,1.431689435690899
M1,2056.0,147670.0,3.0,0.0060120240480961,87.8,85.60985431708984,-2.190145682910156,2.190145682910156,87.40422239660535,-0.39577760339464874,0.39577760339464874,-1.7943680795155075
M1,2056.0,147670.0,7.0,0.0140280561122244,74.0,71.30844486291998,-2.691555137080016,2.691555137080016,73.04250034484025,-0.9574996551597508,0.9574996551597508,-1.7340554819202652
M1,2056.0,147670.0,18.0,0.0360721442885771,49.1,47.630239956042494,-1.469760043957507,1.469760043957507,44.5855861398331,-4.514413860166904,4.514413860166904,3.0446538162093972
M1,2056.0,147670.0,25.0,0.0501002004008016,38.5,38.77851902531164,0.2785190253116383,0.2785190253116383,32.56642690993664,-5.933573090063362,5.933573090063362,5.655054064751724
M1,2056.0,147670.0,1681.0,3.3687374749499,0.6,0.3239386755602597,-0.2760613244397402,0.2760613244397402,1.7324563877257591e-31,-0.6,0.6,0.3239386755602598
M1,2056.0,147670.0,2355.0,4.719438877755511,0.4,0.2064372172254753,-0.1935627827745247,0.1935627827745247,1.2674899429050456e-44,-0.4,0.4,0.2064372172254753
M1,2056.0,147670.0,3158.0,6.328657314629258,0.3,0.1392954917049429,-0.160704508295057,0.160704508295057,2.838706615112488e-60,-0.3,0.3,0.139295491704943
M1,2056.0,147670.0,7048.0,14.124248496993989,0.1,0.0472852944608749,-0.052714705539125,0.052714705539125,4.366665150787594e-136,-0.1,0.1,0.047285294460875
M1,2056.0,147670.0,11652.0,23.35070140280561,0.0,0.023995470726561,0.023995470726561,0.023995470726561,8.163824512354913e-226,8.163824512354913e-226,8.163824512354913e-226,-0.023995470726561
M2,3549.0,481814.0,180.0,0.3607214428857715,47.3,44.41793790859568,-2.882062091404322,2.882062091404322,41.32692836732766,-5.973071632672337,5.973071632672337,3.091009541268015
M4,3282.0,272831.0,36.0,0.0721442885771543,75.5,66.4493736352627,-9.050626364737298,9.050626364737298,69.62306342885361,-5.876936571146388,5.876936571146388,-3.17368979359091
M4,3282.0,272831.0,106.0,0.2124248496993988,44.9,38.15168424235527,-6.7483157576447255,6.7483157576447255,34.434622205744425,-10.465377794255573,10.465377794255573,3.717062036610848
M4,3282.0,272831.0,391.0,0.7835671342685371,14.6,11.872781661009071,-2.7272183389909284,2.7272183389909284,1.9594051979767368,-12.640594802023262,12.640594802023262,9.913376463032334
M4,3282.0,272831.0,652.0,1.3066132264529058,9.8,6.682231129990165,-3.117768870009836,3.117768870009836,0.14193334458930862,-9.658066655410693,9.658066655410693,6.540297785400856
M4,3282.0,272831.0,6543.0,13.112224448897797,0.8,0.3517388903943227,-0.4482611096056773,0.4482611096056773,2.632577039345861e-27,-0.8,0.8,0.35173889039432277
M6,2908.0,193855.0,39.0,0.0781563126252505,48.7,49.06820852122211,0.3682085212221082,0.3682085212221082,49.09851944402728,0.39851944402727923,0.39851944402727923,0.03031092280517106
M6,2908.0,193855.0,82.0,0.1643286573146292,27.6,29.649281289749663,2.049281289749665,2.049281289749665,22.41049760821672,-5.189502391783282,5.189502391783282,3.1402211020336175
M0,2350.0,114578.0,14.0,0.0280561122244488,51.7,52.33099819444933,0.6309981944493259,0.6309981944493259,53.278365089507915,1.578365089507912,1.578365089507912,0.9473668950585861
G6,5619.0,789735.0,1352.0,2.7094188376753507,28.3,39.48203452441839,11.182034524418388,11.182034524418388,60.0707061970524,31.7707061970524,31.7707061970524,20.588671672634014
K0,5236.0,575056.0,43.0,0.0861723446893787,92.6,92.91636465823836,0.3163646582383705,0.3163646582383705,97.08051453016927,4.480514530169273,4.480514530169273,4.164149871930903
K0,5236.0,575056.0,124.0,0.2484969939879759,80.1,81.71880264971558,1.6188026497155903,1.6188026497155903,91.81052679630295,11.710526796302958,11.710526796302958,10.091724146587367
K0,5236.0,575056.0,219.0,0.438877755511022,67.3,71.28804285353903,3.988042853539028,3.988042853539028,85.99304557325351,18.693045573253514,18.693045573253514,14.705002719714486
K0,5236.0,575056.0,246.0,0.4929859719438877,64.0,68.73833286863768,4.738332868637684,4.738332868637684,84.40797220945726,20.407972209457256,20.407972209457256,15.669639340819572
K0,5236.0,575056.0,971.0,1.9458917835671343,24.3,33.17885019718752,8.878850197187521,8.878850197187521,51.218183617891036,26.918183617891035,26.918183617891035,18.039333420703514
K0,5236.0,575056.0,2946.0,5.903807615230461,8.3,11.897367329886697,3.597367329886696,3.597367329886696,13.134003560596591,4.8340035605965905,4.8340035605965905,1.2366362307098946
M!,2125.0,154476.0,22.0,0.0440881763527054,49.7,44.64819519703683,-5.051804802963176,5.051804802963176,40.69682530173833,-9.003174698261674,9.003174698261674,3.951369895298498
G8,5473.0,723802.0,890.0,1.783567134268537,40.2,45.789249179673696,5.589249179673693,5.589249179673693,66.99022092803534,26.79022092803534,26.79022092803534,21.200971748361646
G8,5473.0,723802.0,1436.0,2.8777555110220443,27.1,33.16998411180625,6.069984111806249,6.069984111806249,52.39288851167646,25.29288851167646,25.29288851167646,19.22290439987021
G8,5473.0,723802.0,1952.0,3.911823647294589,20.5,25.907741900373164,5.407741900373164,5.407741900373164,41.53345491437876,21.03345491437876,21.03345491437876,15.625713014005594
G8,5473.0,723802.0,3093.0,6.198396793587174,13.2,16.936598557863128,3.736598557863129,3.736598557863129,24.850823037342927,11.650823037342928,11.650823037342928,7.914224479479799
G8,5473.0,723802.0,5413.0,10.847695390781563,7.6,9.375559379309772,1.7755593793097724,1.7755593793097724,8.745758606593183,1.1457586065931835,1.1457586065931835,-0.6298007727165889
G4,5750.0,591147.0,88.0,0.1763527054108216,89.2,90.10953679222396,0.909536792223946,0.909536792223946,95.9226580846153,6.722658084615304,6.722658084615304,5.813121292391358
G4,5750.0,591147.0,619.0,1.2404809619238475,44.6,54.656584879311445,10.056584879311444,10.056584879311444,74.61602538225553,30.016025382255528,30.016025382255528,19.959440502944084
G4,5750.0,591147.0,1067.0,2.138276553106212,29.0,39.952257214081605,10.952257214081603,10.952257214081603,60.366307130071505,31.366307130071505,31.366307130071505,20.4140499159899
G4,5750.0,591147.0,2489.0,4.987975951903808,13.1,20.18648027025857,7.086480270258575,7.086480270258575,30.80758921782783,17.70758921782783,17.70758921782783,10.621108947569255
G4,5750.0,591147.0,9449.0,18.93587174348697,3.5,4.693706977089314,1.193706977089314,1.193706977089314,1.1449575159263874,-2.3550424840736124,2.3550424840736124,1.1613355069842983
G9,5358.0,706758.0,367.0,0.7354709418837675,68.3,66.27294182145374,-2.027058178546256,2.027058178546256,83.4233828841019,15.1233828841019,15.1233828841019,13.096324705555645
G9,5358.0,706758.0,860.0,1.723446893787575,42.4,44.0595974021506,1.6595974021506024,1.6595974021506024,65.39609040502968,22.996090405029683,22.996090405029683,21.33649300287908
G9,5358.0,706758.0,1994.0,3.995991983967936,20.8,23.344894101226508,2.5448941012265074,2.5448941012265074,37.35403419780241,16.554034197802412,16.554034197802412,14.009140096575905
G9,5358.0,706758.0,2516.0,5.0420841683366735,16.7,18.82359214948754,2.123592149487539,2.123592149487539,28.865676182469517,12.165676182469518,12.165676182469518,10.042084032981979
G9,5358.0,706758.0,4641.0,9.30060120240481,9.2,9.97633621485983,0.7763362148598301,0.7763362148598301,10.107018622546851,0.9070186225468522,0.9070186225468522,0.1306824076870221
G4,5838.0,643627.0,327.0,0.655310621242485,70.0,73.3642534423427,3.364253442342701,3.364253442342701,87.42986825506487,17.429868255064875,17.429868255064875,14.065614812722174
G6,5643.0,645468.0,528.0,1.0581162324649298,46.2,59.44140858541631,13.241408585416302,13.241408585416302,78.46324198505559,32.263241985055586,32.263241985055586,19.021833399639284
G0,5312.0,775141.0,181.0,0.3627254509018036,81.2,81.43886200364649,0.2388620036464885,0.2388620036464885,92.00289594234755,10.802895942347547,10.802895942347547,10.564033938701058
G0,5312.0,775141.0,886.0,1.7755511022044088,38.0,45.07304296716404,7.073042967164035,7.073042967164035,66.49780824095632,28.497808240956317,28.497808240956317,21.424765273792282
G1,6029.0,783054.0,865.0,1.7334669338677355,48.7,58.24471456196455,9.544714561964549,9.544714561964549,77.22174706959282,28.52174706959282,28.52174706959282,18.977032507628273
G6,5585.0,677440.0,40.0,0.0801603206412825,94.7,95.44738522620426,0.7473852262042584,0.7473852262042584,98.20913707396885,3.5091370739688443,3.5091370739688443,2.761751847764586
G6,5585.0,677440.0,40.0,0.0801603206412825,94.7,95.44738522620426,0.7473852262042584,0.7473852262042584,98.20913707396885,3.5091370739688443,3.5091370739688443,2.761751847764586
G6,5585.0,677440.0,117.0,0.2344689378757515,85.3,87.63324011261571,2.3332401126157123,2.3332401126157123,94.85151961565789,9.551519615657895,9.551519615657895,7.218279503042183
G6,5585.0,677440.0,759.0,1.5210420841683367,37.5,50.17411421089619,12.674114210896192,12.674114210896192,70.97120991787055,33.47120991787055,33.47120991787055,20.79709570697436
G6,5585.0,677440.0,1907.0,3.8216432865731456,16.6,26.47478032791081,9.874780327910807,9.874780327910807,42.25144806804958,25.651448068049575,25.651448068049575,15.776667740138768
G6,5585.0,677440.0,4485.0,8.987975951903808,7.2,11.554161595697792,4.354161595697792,4.354161595697792,13.183515552962474,5.983515552962474,5.983515552962474,1.6293539572646818
G6,5585.0,677440.0,5277.0,10.575150300601202,6.1,9.668403020069643,3.568403020069645,3.568403020069645,9.218043611132225,3.118043611132226,3.118043611132226,-0.4503594089374192
G9,5310.0,774764.0,308.0,0.6172344689378757,64.8,71.6547933637215,6.854793363721498,6.854793363721498,86.75580200309055,21.955802003090554,21.955802003090554,15.101008639369056
G9,5310.0,774764.0,1088.0,2.1803607214428857,27.5,39.5005573714819,12.000557371481896,12.000557371481896,60.53988013059484,33.03988013059484,33.03988013059484,21.03932275911294
